country,year,cor_exp
abw,2011,0.422973616277114
abw,2012,0.491279568141701
abw,2013,0.590078273711383
abw,2014,0.641258660757843
abw,2015,0.649197184859692
abw,2016,0.661914801824244
abw,2017,0.680353318456346
abw,2018,0.671702104381481
abw,2019,0.128338695839078
abw,2020,0.673090768339641
abw,2021,0.659993980820943
ago,2005,-0.0535716681589444
ago,2011,0.396696084739725
ago,2012,0.370486728935761
ago,2013,0.396699583069845
ago,2014,0.360256469973823
ago,2015,0.319935708214868
ago,2016,0.245092099148063
ago,2017,0.207450987324702
ago,2018,0.193170242909238
ago,2019,0.183324532454412
ago,2020,0.172835755301619
ago,2021,0.158771521228414
aia,2011,0.655744008793681
aia,2012,0.614971991627292
aia,2013,0.548714393672159
aia,2014,0.496400108719099
aia,2015,0.448604318234573
aia,2016,0.373193039529869
aia,2017,0.310726908370187
aia,2018,0.345019997860954
aia,2019,0.441763538092419
aia,2020,0.48768789067277
aia,2021,0.522339958264794
alb,2005,0.686769342487044
alb,2011,0.407189851590657
alb,2012,0.404673416830654
alb,2013,0.449812321857145
alb,2014,0.435720127331718
alb,2015,0.453879168373787
alb,2016,0.453535088210872
alb,2017,0.440514278970877
alb,2018,0.463708300485043
alb,2019,0.465457269267759
alb,2020,0.498427460627518
alb,2021,0.510395693025245
are,2011,0.5033958277952
are,2012,0.47972093979489
are,2013,0.513039932752747
are,2014,0.491505299803674
are,2015,0.485032885977942
are,2016,0.474229237379558
are,2017,0.446774015797585
are,2018,0.444808019992592
are,2019,0.446247562709354
are,2020,0.446937583561185
are,2021,0.447427053512448
arg,2005,0.599972916195243
arg,2011,0.751558572462652
arg,2012,0.673173279087617
arg,2013,0.690438205270359
arg,2014,0.682867839247439
arg,2015,0.66126569853105
arg,2016,0.641970855141264
arg,2017,0.661244287529305
arg,2018,0.670275248007588
arg,2019,0.666402967184899
arg,2020,0.656040072875692
arg,2021,0.639172197327643
arm,2005,0.491434980550223
arm,2011,0.387847733800747
arm,2012,0.378743634990367
arm,2013,0.483492609163727
arm,2014,0.548919877663369
arm,2015,0.567400491233273
arm,2016,0.566186432402345
arm,2017,0.562157336694992
arm,2018,0.576592015537047
arm,2019,0.582174478386748
arm,2020,0.587582480323311
arm,2021,0.589531607928113
atg,2011,0.682709141550479
atg,2012,0.643468465698799
atg,2013,0.644467201010652
atg,2014,0.610678239348085
atg,2015,0.559074356425508
atg,2016,0.539664238425568
atg,2017,0.518775959576381
atg,2018,0.484499690522336
atg,2019,0.517330776727712
atg,2020,0.52098155063629
atg,2021,0.518595071717025
aus,2005,0.856677057045394
aus,2011,0.794771511094945
aus,2012,0.721610594702666
aus,2013,0.737844623028709
aus,2014,0.761111629695888
aus,2015,0.813399973228092
aus,2016,0.815185453225525
aus,2017,0.80951547849908
aus,2018,0.826016423874283
aus,2019,0.837819019242944
aus,2020,0.836076747482648
aus,2021,0.820045709979132
aut,2005,0.678757670767829
aut,2011,0.753216933046699
aut,2012,0.77193626859819
aut,2013,0.806557562287921
aut,2014,0.825963146360319
aut,2015,0.829044755379514
aut,2016,0.828614763389653
aut,2017,0.825250765056069
aut,2018,0.827979877186132
aut,2019,0.837180382888002
aut,2020,0.838180091934592
aut,2021,0.837015689232725
aze,2005,0.173305927490569
aze,2011,0.51079544493292
aze,2012,0.451536925560189
aze,2013,0.492162950884464
aze,2014,0.533662584094703
aze,2015,0.521247295302626
aze,2016,0.499646128192808
aze,2017,0.472908026229322
aze,2018,0.445634451564998
aze,2019,0.454914005571552
aze,2020,0.452167192774918
aze,2021,0.43868394095423
bdi,2005,0.667634729864429
bdi,2011,0.366564059068927
bdi,2012,0.359494032561609
bdi,2013,0.358684708779426
bdi,2014,0.358952331891285
bdi,2015,0.316013550003307
bdi,2016,0.324574256784056
bdi,2017,0.326349703917703
bdi,2018,0.32339145571352
bdi,2019,0.322501273611887
bdi,2020,0.320348685820796
bdi,2021,0.311111246021428
bel,2005,0.770664832014077
bel,2011,0.761572595793215
bel,2012,0.790280866585867
bel,2013,0.819242309393175
bel,2014,0.827433060143379
bel,2015,0.833299815671864
bel,2016,0.833223844119809
bel,2017,0.830204419378539
bel,2018,0.834445679294976
bel,2019,0.831357685568904
bel,2020,0.829780697511115
bel,2021,0.827614956915705
ben,2005,0.440498623822325
ben,2011,0.476915746377121
ben,2012,0.439512649520734
ben,2013,0.483798530684084
ben,2014,0.503399106835033
ben,2015,0.457257252102706
ben,2016,0.432060084569198
ben,2017,0.40360780443055
ben,2018,0.41005013290672
ben,2019,0.420847328893474
ben,2020,0.429720234849637
ben,2021,0.438441226639725
bfa,2005,0.559990314108793
bfa,2011,0.395423920707284
bfa,2012,0.410137323119601
bfa,2013,0.442425731155536
bfa,2014,0.467773934866705
bfa,2015,0.4536363817734
bfa,2016,0.447023125305666
bfa,2017,0.426180474047438
bfa,2018,0.427649007638839
bfa,2019,0.43181951777396
bfa,2020,0.431678412858773
bfa,2021,0.429362918711519
bgd,2005,0.47236774466988
bgd,2011,0.307424774306055
bgd,2012,0.295854120986946
bgd,2013,0.303703899113361
bgd,2014,0.305506070422097
bgd,2015,0.304512890921573
bgd,2016,0.294750965837792
bgd,2017,0.274104223546067
bgd,2018,0.268554837656615
bgd,2019,0.267518481871038
bgd,2020,0.265789933001715
bgd,2021,0.264446260508773
bgr,2005,0.744152380948067
bgr,2011,0.728362669173524
bgr,2012,0.638812908787755
bgr,2013,0.685198581555354
bgr,2014,0.686821942261316
bgr,2015,0.67391233445469
bgr,2016,0.698428102625278
bgr,2017,0.730379784541511
bgr,2018,0.733354220314857
bgr,2019,0.750860979242476
bgr,2020,0.741138955911583
bgr,2021,0.70184203665019
bhr,2005,0.0950207385114285
bhr,2011,0.642849843240468
bhr,2012,0.569747189930158
bhr,2013,0.608750606294818
bhr,2014,0.627334512942744
bhr,2015,0.611994971176102
bhr,2016,0.529722093163879
bhr,2017,0.524556223789697
bhr,2018,0.576023387037418
bhr,2019,0.541686899513845
bhr,2020,0.501462066393365
bhr,2021,0.434633654093701
bhs,2011,0.701596565611122
bhs,2012,0.639356510824276
bhs,2013,0.665502833051184
bhs,2014,0.659823513688035
bhs,2015,0.657876190463669
bhs,2016,0.659966249243209
bhs,2017,0.641791361872601
bhs,2018,0.647324321408864
bhs,2019,0.652813777561472
bhs,2020,0.654404141617554
bhs,2021,0.652024741183733
bih,2005,0.595929459672969
bih,2011,0.647431452867816
bih,2012,0.560225841473385
bih,2013,0.539237054800148
bih,2014,0.560768405409648
bih,2015,0.540995149701221
bih,2016,0.565670109051239
bih,2017,0.575063258919088
bih,2018,0.557400414120106
bih,2019,0.537273133198383
bih,2020,0.498333769607575
bih,2021,0.570221609581279
blr,2005,0.526716627511693
blr,2011,0.559047740802127
blr,2012,0.561365778546577
blr,2013,0.570100060476913
blr,2014,0.59492320532888
blr,2015,0.61548578087201
blr,2016,0.6162493765635
blr,2017,0.612955544342187
blr,2018,0.638848205801996
blr,2019,0.647807613105053
blr,2020,0.655824243535513
blr,2021,0.661196280273468
blz,2011,0.729987320360247
blz,2012,0.672410046309022
blz,2013,0.68667757451688
blz,2014,0.651429844581044
blz,2015,0.597720621127153
blz,2016,0.547052260600731
blz,2017,0.484095093104776
blz,2018,0.482863041191461
blz,2019,0.479751288800691
blz,2020,0.471722257767485
blz,2021,0.478080485021639
bmu,2011,0.594382627463358
bmu,2012,0.5684254793329
bmu,2013,0.566606684004
bmu,2014,0.560836737100483
bmu,2015,0.577186089609934
bmu,2016,0.596651771975916
bmu,2017,0.607761678965487
bmu,2018,0.609342428663748
bmu,2019,0.601081967187549
bmu,2020,0.590810186448612
bmu,2021,0.578437765350426
bol,2005,0.456460650712839
bol,2011,0.568742911936366
bol,2012,0.507648169826069
bol,2013,0.574556340344823
bol,2014,0.591386170069634
bol,2015,0.583372169080207
bol,2016,0.564746293505686
bol,2017,0.657248354414695
bol,2018,0.67096567775131
bol,2019,0.685346114715597
bol,2020,0.697140347317821
bol,2021,0.707468255875347
bra,2005,0.687492977048341
bra,2011,0.808157174258388
bra,2012,0.767042058071124
bra,2013,0.795427437815231
bra,2014,0.794520607296545
bra,2015,0.780478128124081
bra,2016,0.769303843652233
bra,2017,0.768047940237773
bra,2018,0.771916893639484
bra,2019,0.776957880544886
bra,2020,0.777610577583227
bra,2021,0.77300301479409
brb,2011,0.550883119596519
brb,2012,0.481869581805785
brb,2013,0.483405558150629
brb,2014,0.47296670550096
brb,2015,0.480115508360751
brb,2016,0.473801865628788
brb,2017,0.534269380503589
brb,2018,0.496843090660156
brb,2019,0.51873597679384
brb,2020,0.520206977032012
brb,2021,0.521719758161919
brn,2005,-0.18564359162998
brn,2011,0.58289019706103
brn,2012,0.504294217602765
brn,2013,0.508323124952067
brn,2014,0.532619557293684
brn,2015,0.519377420974304
brn,2016,0.493366929071446
brn,2017,0.477788426384357
brn,2018,0.471068271077204
brn,2019,0.459034727161093
brn,2020,0.443705315833437
brn,2021,0.421233482547368
btn,2005,0.56880423990251
btn,2011,0.522049642550012
btn,2012,0.432232954515365
btn,2013,0.494753607661928
btn,2014,0.455151118246819
btn,2015,0.433500809687312
btn,2016,0.383986641270537
btn,2017,0.360393378850675
btn,2018,0.368208591682899
btn,2019,0.370637444270751
btn,2020,0.364351911791357
btn,2021,0.35821195978397
bwa,2005,0.173290806289649
bwa,2011,0.390824764228876
bwa,2012,0.367808978346011
bwa,2013,0.387914058688352
bwa,2014,0.422307644026045
bwa,2015,0.414545301467027
bwa,2016,0.395954237334287
bwa,2017,0.385649334877534
bwa,2018,0.378994095850657
bwa,2019,0.373739483724705
bwa,2020,0.366010359368406
bwa,2021,0.354601467693355
caf,2005,0.353259959432024
caf,2011,0.310113581929752
caf,2012,0.264048869885287
caf,2013,0.198497539267993
caf,2014,0.266984498176335
caf,2015,0.258887568611236
caf,2016,0.247834705742725
caf,2017,0.206654204213144
caf,2018,0.18784519313837
caf,2019,0.205548066024678
caf,2020,0.200162372356463
caf,2021,0.169738481073523
can,2005,0.762133680146091
can,2011,0.797076369203111
can,2012,0.778813463625977
can,2013,0.779585193006622
can,2014,0.773116225723771
can,2015,0.777784239694014
can,2016,0.76592110625772
can,2017,0.766452303761807
can,2018,0.769268890338834
can,2019,0.772335743428914
can,2020,0.776109579245762
can,2021,0.776610919880955
che,2005,0.689692159547889
che,2011,0.77513100860771
che,2012,0.840317610863504
che,2013,0.862669108967671
che,2014,0.880157823565583
che,2015,0.888858794497983
che,2016,0.885096986346637
che,2017,0.881998213446652
che,2018,0.882237833690652
che,2019,0.875400864360285
che,2020,0.879332121206194
che,2021,0.876954407009328
chl,2005,0.409381988627272
chl,2011,0.725752306415122
chl,2012,0.67686520278948
chl,2013,0.690029127513391
chl,2014,0.714266077632765
chl,2015,0.725497416794294
chl,2016,0.741924309241741
chl,2017,0.762282925825544
chl,2018,0.747644082903827
chl,2019,0.731258616056269
chl,2020,0.708814577826912
chl,2021,0.6805885996082
chn,2005,0.408853182079426
chn,2011,0.487353855201512
chn,2012,0.477715410783736
chn,2013,0.509666951564807
chn,2014,0.541472212717703
chn,2015,0.556349473270715
chn,2016,0.555803355374749
chn,2017,0.56357727851131
chn,2018,0.568776878799181
chn,2019,0.576673064015443
chn,2020,0.581610519547913
chn,2021,0.584025220947858
civ,2005,0.182698832461793
civ,2011,0.212544809180549
civ,2012,0.324675806583984
civ,2013,0.405134977598131
civ,2014,0.416516806910386
civ,2015,0.402977735968316
civ,2016,0.390032826779821
civ,2017,0.385351591157552
civ,2018,0.36999876289202
civ,2019,0.353652942448171
civ,2020,0.330988369055173
civ,2021,0.29756359781831
cmr,2005,0.456348995064497
cmr,2011,0.57228326711673
cmr,2012,0.556062626788287
cmr,2013,0.573523755146026
cmr,2014,0.562789163112515
cmr,2015,0.533150838611513
cmr,2016,0.50977442412496
cmr,2017,0.475105047829538
cmr,2018,0.472727127065111
cmr,2019,0.477476695599512
cmr,2020,0.480130789157216
cmr,2021,0.482413322836988
cod,2005,0.379327705208389
cod,2011,0.295400259043092
cod,2012,0.261287947091787
cod,2013,0.301721487780189
cod,2014,0.295424879824487
cod,2015,0.298591687467837
cod,2016,0.241605040465502
cod,2017,0.20514095445455
cod,2018,0.189754381568164
cod,2019,0.175841225023262
cod,2020,0.159802243866952
cod,2021,0.138747365565296
cog,2005,-0.23235496724841
cog,2011,0.282296524692501
cog,2012,0.204271999557756
cog,2013,0.176659333569472
cog,2014,0.24055457589939
cog,2015,0.20082084110995
cog,2016,0.176526158221979
cog,2017,0.205921131980463
cog,2018,0.223829583447537
cog,2019,0.227259545096001
cog,2020,0.228993365602804
cog,2021,0.23081902584382
col,2005,0.722477262773352
col,2011,0.658012776605076
col,2012,0.655710355576127
col,2013,0.691277341336717
col,2014,0.702398457313148
col,2015,0.707025081519933
col,2016,0.69637210184048
col,2017,0.704777400485695
col,2018,0.708894945684997
col,2019,0.709149516229595
col,2020,0.705115341217669
col,2021,0.695318181128023
com,2005,0.413765890594975
com,2011,0.447757287426154
com,2012,0.453135751807062
com,2013,0.456850111255953
com,2014,0.459220822406562
com,2015,0.446173117587468
com,2016,0.429398889443277
com,2017,0.426738847364777
com,2018,0.413584341061491
com,2019,0.419990624363245
com,2020,0.417814401210753
com,2021,0.415935048753842
cpv,2005,0.672030925666051
cpv,2011,0.581468973588108
cpv,2012,0.574545490689207
cpv,2013,0.591207279387103
cpv,2014,0.593994718476869
cpv,2015,0.567698172156053
cpv,2016,0.384865515174711
cpv,2017,0.478691017416451
cpv,2018,0.432109646903191
cpv,2019,0.464472522338135
cpv,2020,0.469569496204836
cpv,2021,0.475504361480749
cri,2011,0.528549303482832
cri,2012,0.564072132411505
cri,2013,0.646596073991096
cri,2014,0.691242891854323
cri,2015,0.714197371827689
cri,2016,0.758376267631502
cri,2017,0.771751183842887
cri,2018,0.777182458060419
cri,2019,0.785413043201117
cri,2020,0.789116154710928
cri,2021,0.785591549939896
cuw,2011,0.398752639358225
cuw,2012,0.46479813357312
cuw,2013,0.511475116967013
cuw,2014,0.534781646286455
cuw,2015,0.552892039826234
cuw,2016,0.553317716257623
cuw,2017,0.546133192943156
cuw,2018,0.502437401525634
cuw,2019,0.487583626341668
cuw,2020,0.130054685186499
cuw,2021,0.399819430004106
cym,2011,0.715534340637339
cym,2012,0.699258430383349
cym,2013,0.733357940195888
cym,2014,0.750366788534228
cym,2015,0.767072443378671
cym,2016,0.773242551268493
cym,2017,0.76678778453389
cym,2018,0.76638957687986
cym,2019,0.766607948059007
cym,2020,0.763673562566068
cym,2021,0.757959392388844
cyp,2005,0.687816581941931
cyp,2011,0.735529120456494
cyp,2012,0.676385807424612
cyp,2013,0.67684361353089
cyp,2014,0.684102681608266
cyp,2015,0.66970381237462
cyp,2016,0.623386035239088
cyp,2017,0.635737472994693
cyp,2018,0.672164385601788
cyp,2019,0.716435177793637
cyp,2020,0.730557378986749
cyp,2021,0.733704860599782
cze,2005,0.672153728835979
cze,2011,0.732182097505825
cze,2012,0.760133982832149
cze,2013,0.785711397111982
cze,2014,0.793213271351952
cze,2015,0.789322808509139
cze,2016,0.791524962009495
cze,2017,0.793981607851258
cze,2018,0.794376393469362
cze,2019,0.80035660907658
cze,2020,0.796280095296766
cze,2021,0.779616402339461
deu,2005,0.734086775880717
deu,2011,0.740573894834966
deu,2012,0.756582896814892
deu,2013,0.795084376772412
deu,2014,0.807058531081779
deu,2015,0.799884597963728
deu,2016,0.79449442353698
deu,2017,0.801614399739306
deu,2018,0.806814434952204
deu,2019,0.805672019977194
deu,2020,0.80404045349616
deu,2021,0.797859194832762
dji,2005,0.537945476412114
dji,2011,0.331618919328466
dji,2012,0.371620302134753
dji,2013,0.420110530969387
dji,2014,0.452597512565192
dji,2015,0.433068080442808
dji,2016,0.403045318880209
dji,2017,0.374431977022294
dji,2018,0.356840564175859
dji,2019,0.337568994006607
dji,2020,0.294187337059898
dji,2021,0.159152785205919
dma,2011,0.620083897374333
dma,2012,0.533021419498082
dma,2013,0.551594605528313
dma,2014,0.563764242431206
dma,2015,0.517249923608753
dma,2016,0.509585278905976
dma,2017,0.526033419893896
dma,2018,0.517397214807269
dma,2019,0.514684249643006
dma,2020,0.508741276854914
dma,2021,0.50092343804676
dnk,2005,0.6726510614278
dnk,2011,0.704204344666005
dnk,2012,0.734134803619806
dnk,2013,0.748684151455952
dnk,2014,0.752869388147937
dnk,2015,0.756622308293893
dnk,2016,0.756983718336043
dnk,2017,0.756541202262092
dnk,2018,0.757460351098835
dnk,2019,0.761045868245735
dnk,2020,0.762900167610089
dnk,2021,0.762462356839482
dom,2011,0.555569396119964
dom,2012,0.554937906261946
dom,2013,0.591870165008732
dom,2014,0.607001583309172
dom,2015,0.615182792993116
dom,2016,0.625556617056895
dom,2017,0.628843569496335
dom,2018,0.531839958211747
dom,2019,0.620375365445233
dom,2020,0.615923467752604
dom,2021,0.608894855996981
dza,2011,0.412021930501395
dza,2012,0.344873240579096
dza,2013,0.340467042468339
dza,2014,0.359175791204967
dza,2015,0.35149851887778
dza,2016,0.325734272751898
dza,2017,0.339156848064023
dza,2018,0.343346781871483
dza,2019,0.344654998987502
dza,2020,0.342206179493617
dza,2021,0.339105241814557
ecu,2005,0.590632887372848
ecu,2011,0.652291284170536
ecu,2012,0.673522887740577
ecu,2013,0.649145741282687
ecu,2014,0.601658181610765
ecu,2015,0.535799035477828
ecu,2016,0.462215908216495
ecu,2017,0.403699051724062
ecu,2018,0.399410645488745
ecu,2019,0.397840022892269
ecu,2020,0.395046922275757
ecu,2021,0.390092233788102
egy,2005,0.647186978065167
egy,2011,0.580870776567259
egy,2012,0.560484950751061
egy,2013,0.562819349040153
egy,2014,0.565859833883612
egy,2015,0.560180078744088
egy,2016,0.536619685062904
egy,2017,0.520110996549356
egy,2018,0.517936402444114
egy,2019,0.526696418337735
egy,2020,0.528835857545684
egy,2021,0.530390110083854
esp,2005,0.800319599041777
esp,2011,0.764077093870316
esp,2012,0.770927606014443
esp,2013,0.800392963069369
esp,2014,0.785201543714261
esp,2015,0.797442182502711
esp,2016,0.799342209002789
esp,2017,0.795153629854655
esp,2018,0.804318804294169
esp,2019,0.827252058753713
esp,2020,0.837653588588186
esp,2021,0.843941836732072
est,2005,0.770577253479586
est,2011,0.712123570689563
est,2012,0.667668636973967
est,2013,0.706118496083322
est,2014,0.722173527596892
est,2015,0.736371722131966
est,2016,0.757339281908457
est,2017,0.757350812093192
est,2018,0.767365658560845
est,2019,0.774941499338351
est,2020,0.779684142583527
est,2021,0.779496422324827
eth,2005,0.448256933708607
eth,2011,0.214588253069121
eth,2012,0.257007169332707
eth,2013,0.292813199484485
eth,2014,0.299834499859219
eth,2015,0.290332679594949
eth,2016,0.289925897914506
eth,2017,0.304469983106876
eth,2018,0.281410618942926
eth,2019,0.256133675380652
eth,2020,0.227948770184701
eth,2021,0.196219967842683
fin,2005,0.687505590306309
fin,2011,0.765074719604898
fin,2012,0.772181249861171
fin,2013,0.789541286082973
fin,2014,0.794439833534297
fin,2015,0.78633651296851
fin,2016,0.78654322195564
fin,2017,0.789831189631841
fin,2018,0.790753202693604
fin,2019,0.794716864843475
fin,2020,0.79636524464055
fin,2021,0.797247567616368
fji,2005,0.711566948234077
fji,2011,0.502073159481936
fji,2012,0.480041811047173
fji,2013,0.487192501459205
fji,2014,0.480303321707524
fji,2015,0.471077038881078
fji,2016,0.433994265891973
fji,2017,0.371350403846008
fji,2018,0.351031040857992
fji,2019,0.334512021161636
fji,2020,0.31507381095975
fji,2021,0.293928775454204
fra,2005,0.878430355530699
fra,2011,0.763543559724119
fra,2012,0.803318468333061
fra,2013,0.819514698063823
fra,2014,0.823770354859066
fra,2015,0.824111487238961
fra,2016,0.825661584563841
fra,2017,0.822572507710947
fra,2018,0.822042014842477
fra,2019,0.82908440323559
fra,2020,0.831999532581323
fra,2021,0.833981802632934
gab,2005,-0.167231601058774
gab,2011,0.372736398436701
gab,2012,0.383842121159173
gab,2013,0.417410985835966
gab,2014,0.496358858098031
gab,2015,0.539779252515011
gab,2016,0.557206264129832
gab,2017,0.551768631789933
gab,2018,0.428894026153526
gab,2019,0.395100535915852
gab,2020,0.369046719753334
gab,2021,0.343930612854153
gbr,2005,0.841377444950284
gbr,2011,0.785734387954128
gbr,2012,0.794736917347686
gbr,2013,0.805726808428298
gbr,2014,0.801729463170063
gbr,2015,0.799654442612271
gbr,2016,0.808937240744424
gbr,2017,0.812166694847041
gbr,2018,0.821904301308808
gbr,2019,0.828556125309556
gbr,2020,0.831299232201523
gbr,2021,0.829006215595154
geo,2005,0.625546658147403
geo,2011,0.753620487608893
geo,2012,0.675371813178732
geo,2013,0.621118961906443
geo,2014,0.580524056658839
geo,2015,0.604695537867306
geo,2016,0.675920648180125
geo,2017,0.746885060284821
geo,2018,0.69776575789104
geo,2019,0.155634346683081
geo,2020,0.616730685535854
geo,2021,0.567794716856112
gha,2005,0.432237836209308
gha,2011,0.457417398098458
gha,2012,0.461313669399071
gha,2013,0.32397153226123
gha,2014,0.30337229766661
gha,2015,0.291371602177076
gha,2016,0.299796502043907
gha,2017,0.241527640120688
gha,2018,0.239293144458761
gha,2019,0.243064274472401
gha,2020,0.245914650827424
gha,2021,0.249644163050819
gin,2005,0.496431095025033
gin,2011,0.269098014144696
gin,2012,0.321726109212018
gin,2013,0.373076664908125
gin,2014,0.40121400917917
gin,2015,0.405659321128031
gin,2016,0.382552224827234
gin,2017,0.348317421784756
gin,2018,0.378521537065057
gin,2019,0.372753757477009
gin,2020,0.37130692489292
gin,2021,0.3633667260557
gmb,2005,0.510072678894188
gmb,2011,0.357871784355487
gmb,2012,0.350626749895213
gmb,2013,0.381105510508323
gmb,2014,0.380675496072562
gmb,2015,0.365516823710345
gmb,2016,0.371230409543222
gmb,2017,0.349033640110194
gmb,2018,0.343379470619783
gmb,2019,0.135398209018193
gmb,2020,0.35126435691051
gmb,2021,0.348730728892502
gnb,2005,0.503785404100065
gnb,2011,0.128543569066927
gnb,2012,0.12649152243991
gnb,2013,0.137283696722918
gnb,2014,0.147035011724314
gnb,2015,0.146271787867852
gnb,2016,0.153461175396684
gnb,2017,0.16045255502745
gnb,2018,0.156826712676773
gnb,2019,0.161319357152079
gnb,2020,0.166832169014567
gnb,2021,0.172392435329423
gnq,2005,-0.168432097691379
gnq,2011,0.424264898019281
gnq,2012,0.406219779353306
gnq,2013,0.506818140273128
gnq,2014,0.517244237429774
gnq,2015,0.513992673125566
gnq,2016,0.486333012590461
gnq,2017,0.470721038820144
gnq,2018,0.444660299941414
gnq,2019,0.429169891228221
gnq,2020,0.416437278468218
gnq,2021,0.405518749785399
grc,2005,0.766596619927488
grc,2011,0.738767449860999
grc,2012,0.717900284765871
grc,2013,0.713495713669882
grc,2014,0.69061664512119
grc,2015,0.675694742209603
grc,2016,0.671360147952039
grc,2017,0.647082291548398
grc,2018,0.639270699250566
grc,2019,0.673443267138721
grc,2020,0.688516015025444
grc,2021,0.677096438929399
grd,2011,0.611213657882773
grd,2012,0.566096276063399
grd,2013,0.564834137317108
grd,2014,0.524581447918128
grd,2015,0.462221517712041
grd,2016,0.414425220574269
grd,2017,0.371588442785684
grd,2018,0.39033125810764
grd,2019,0.465725062869416
grd,2020,0.49774651987578
grd,2021,0.519779482808382
gtm,2011,0.468889930879374
gtm,2012,0.485138003523093
gtm,2013,0.516605433062876
gtm,2014,0.535605094679662
gtm,2015,0.541100276803423
gtm,2016,0.544583349193887
gtm,2017,0.550539924111042
gtm,2018,0.55069958632847
gtm,2019,0.556486335281838
gtm,2020,0.557134607919115
gtm,2021,0.556052931212682
guy,2011,0.497883478033998
guy,2012,0.431017246878681
guy,2013,0.449185568389265
guy,2014,0.464169009046838
guy,2015,0.455744699482655
guy,2016,0.453624046606712
guy,2017,0.458208086549972
guy,2018,0.46011136615893
guy,2019,0.460590826420117
guy,2020,0.461013024930379
guy,2021,0.461229175446602
hkg,2005,0.325483833397978
hkg,2011,0.686115591877883
hkg,2012,0.565014961077416
hkg,2013,0.547755960842427
hkg,2014,0.549207009335504
hkg,2015,0.627696586178968
hkg,2016,0.57498604934951
hkg,2017,0.517769456957051
hkg,2018,0.515165456828029
hkg,2019,0.508029330638589
hkg,2020,0.497899128275185
hkg,2021,0.486622069230615
hnd,2011,0.61397752827832
hnd,2012,0.592449089203378
hnd,2013,0.608143822587568
hnd,2014,0.613078635964879
hnd,2015,0.600490286546322
hnd,2016,0.582499747099064
hnd,2017,0.594221510403016
hnd,2018,0.598645126996966
hnd,2019,0.599901213598345
hnd,2020,0.597936996184089
hnd,2021,0.592810016358015
hrv,2005,0.601684393203332
hrv,2011,0.551418703575277
hrv,2012,0.518466940237996
hrv,2013,0.520659219849218
hrv,2014,0.545535259841009
hrv,2015,0.524504041235325
hrv,2016,0.529102187846528
hrv,2017,0.518314640187316
hrv,2018,0.471985306340618
hrv,2019,0.50546384953974
hrv,2020,0.508927356658187
hrv,2021,0.510434359573632
hti,2011,0.106033914326496
hti,2012,0.11562849533685
hti,2013,0.125439176481616
hti,2014,0.133031174396759
hti,2015,0.140327059304281
hti,2016,0.144755756862845
hti,2017,0.136769240726025
hti,2018,0.13930802144154
hti,2019,0.144015055853322
hti,2020,0.147556285341493
hti,2021,0.151239886755205
hun,2005,0.779115976615626
hun,2011,0.760270630212144
hun,2012,0.730418887245435
hun,2013,0.768779832567579
hun,2014,0.76271350053604
hun,2015,0.755846000540426
hun,2016,0.753019870628929
hun,2017,0.752209564638825
hun,2018,0.745549026584029
hun,2019,0.755228058118022
hun,2020,0.750754462032167
hun,2021,0.732638619133284
idn,2005,0.385207649532805
idn,2011,0.494366702116214
idn,2012,0.448861358113389
idn,2013,0.460848473221064
idn,2014,0.480687620712322
idn,2015,0.485677852377363
idn,2016,0.470809643063491
idn,2017,0.467514495455634
idn,2018,0.465029843852297
idn,2019,0.46523295960759
idn,2020,0.463386096213777
idn,2021,0.459526545024228
ind,2005,0.531308006830383
ind,2011,0.591922975557216
ind,2012,0.561884570393295
ind,2013,0.562967557464496
ind,2014,0.54075141456657
ind,2015,0.491881137570306
ind,2016,0.428730562575605
ind,2017,0.398448228254227
ind,2018,0.384600629010433
ind,2019,0.377658773710655
ind,2020,0.365094198935069
ind,2021,0.351310577153042
irl,2005,0.426327611490595
irl,2011,0.738412720633351
irl,2012,0.71828900976233
irl,2013,0.770049456737501
irl,2014,0.74974862647423
irl,2015,0.672177922643262
irl,2016,0.575679481410488
irl,2017,0.607210521424279
irl,2018,0.638807765949384
irl,2019,0.667890488322183
irl,2020,0.692983584307574
irl,2021,0.715293269267815
irn,2005,0.467527155364351
irn,2011,0.370405519891852
irn,2012,0.461894989374462
irn,2013,0.419488381976561
irn,2014,0.469702637408917
irn,2015,0.526916508947628
irn,2016,0.445335147053246
irn,2017,0.45314725440417
irn,2018,0.444675357529501
irn,2019,0.430864713205544
irn,2020,0.417110298113388
irn,2021,0.401891682292913
irq,2005,0.49548595255956
irq,2011,0.668680983641664
irq,2012,0.603422001313954
irq,2013,0.578111468551123
irq,2014,0.566663318652816
irq,2015,0.409972664656192
irq,2016,0.463515289504232
irq,2017,0.570660423681745
irq,2018,0.560048195477072
irq,2019,0.542983722230837
irq,2020,0.508516212776395
irq,2021,0.448399831980535
isl,2005,0.812991002343978
isl,2011,0.793822210422611
isl,2012,0.73771709143918
isl,2013,0.754018892745196
isl,2014,0.754594917563598
isl,2015,0.744569635960993
isl,2016,0.717651038754574
isl,2017,0.72097188910991
isl,2018,0.738448694536178
isl,2019,0.768541609179844
isl,2020,0.779749219166832
isl,2021,0.785444597345306
isr,2005,0.808614301050177
isr,2011,0.827708974905834
isr,2012,0.828772762231657
isr,2013,0.822002619703559
isr,2014,0.813137645579389
isr,2015,0.805802906922096
isr,2016,0.804590699026994
isr,2017,0.806229682090122
isr,2018,0.810857050784755
isr,2019,0.832814310348975
isr,2020,0.84168599155474
isr,2021,0.84679511483586
ita,2005,0.817478739608633
ita,2011,0.783060012204986
ita,2012,0.793537350563395
ita,2013,0.813499490868952
ita,2014,0.815015692814807
ita,2015,0.813219844756876
ita,2016,0.817854616834886
ita,2017,0.82092852397351
ita,2018,0.823868442343083
ita,2019,0.836254326563227
ita,2020,0.841809918337044
ita,2021,0.844275863334911
jam,2011,0.510589592409473
jam,2012,0.454627424798546
jam,2013,0.460866939121304
jam,2014,0.44311460932584
jam,2015,0.429605695260555
jam,2016,0.410682719331211
jam,2017,0.393368987495898
jam,2018,0.352234374049929
jam,2019,0.396674352678242
jam,2020,0.415555488238565
jam,2021,0.434438636870666
jor,2005,0.637006384064394
jor,2011,0.653446670765553
jor,2012,0.611854562446053
jor,2013,0.649771743366755
jor,2014,0.634925691528761
jor,2015,0.638888998023733
jor,2016,0.637727568239419
jor,2017,0.666256837262042
jor,2018,0.69163745337099
jor,2019,0.694383922931588
jor,2020,0.697757639872081
jor,2021,0.6997399825191
jpn,2005,0.744551249369444
jpn,2011,0.770265999927665
jpn,2012,0.776806564302421
jpn,2013,0.777331951800423
jpn,2014,0.798312736717268
jpn,2015,0.79259140347673
jpn,2016,0.784868634196683
jpn,2017,0.779927458566235
jpn,2018,0.787391890636683
jpn,2019,0.796203833564812
jpn,2020,0.801871581360502
jpn,2021,0.805793090443398
kaz,2005,0.367424117173599
kaz,2011,0.599025540967068
kaz,2012,0.573894374078448
kaz,2013,0.604789492843149
kaz,2014,0.612724302128673
kaz,2015,0.598063839747457
kaz,2016,0.556700019160587
kaz,2017,0.540475463684805
kaz,2018,0.544088200997308
kaz,2019,0.551886255902055
kaz,2020,0.560400416002063
kaz,2021,0.577532099768211
ken,2005,0.560441871975301
ken,2011,0.374938898546063
ken,2012,0.362755982975723
ken,2013,0.36689052301965
ken,2014,0.376200497094678
ken,2015,0.370978703448095
ken,2016,0.328776592697641
ken,2017,0.373563175645029
ken,2018,0.360708449333962
ken,2019,0.362591502617898
ken,2020,0.358523934373226
ken,2021,0.352158308570979
kgz,2005,0.528174240615221
kgz,2011,0.437878189507991
kgz,2012,0.393423109002658
kgz,2013,0.391229127691721
kgz,2014,0.376336653690973
kgz,2015,0.38473556093969
kgz,2016,0.379050159295525
kgz,2017,0.386735384392166
kgz,2018,0.420829580941189
kgz,2019,0.453984251886831
kgz,2020,0.480699543731017
kgz,2021,0.516066634138614
khm,2005,0.486922985535329
khm,2011,0.416383522198534
khm,2012,0.374815644639851
khm,2013,0.36396653200177
khm,2014,0.328101535725241
khm,2015,0.29449831165251
khm,2016,0.246757244247463
khm,2017,0.204099361718737
khm,2018,0.209525630428877
khm,2019,0.212602852249382
khm,2020,0.217050242689889
khm,2021,0.219230907452263
kna,2011,0.632133439999305
kna,2012,0.59599557802185
kna,2013,0.5339127417804
kna,2014,0.529563433421215
kna,2015,0.560793167008967
kna,2016,0.55930183082475
kna,2017,0.636368977725935
kna,2018,0.62879576736893
kna,2019,0.625647900453106
kna,2020,0.620895857978295
kna,2021,0.615798662498357
kor,2005,0.67778862147691
kor,2011,0.698581605569474
kor,2012,0.765273680429498
kor,2013,0.776718044168187
kor,2014,0.739230547055817
kor,2015,0.799433332388375
kor,2016,0.784435129575877
kor,2017,0.772720373460771
kor,2018,0.783238074537458
kor,2019,0.788492049935801
kor,2020,0.7931373984364
kor,2021,0.796858257579172
kwt,2005,-0.146525460956682
kwt,2011,0.563313193357259
kwt,2012,0.595412947053715
kwt,2013,0.603875230936365
kwt,2014,0.629127186602012
kwt,2015,0.563359885025193
kwt,2016,0.588960961994355
kwt,2017,0.543923551388028
kwt,2018,0.557198996104906
kwt,2019,0.519454979116904
kwt,2020,0.507266073962702
kwt,2021,0.449285789820942
lao,2005,0.563066958435269
lao,2011,0.587567889332318
lao,2012,0.603927012261617
lao,2013,0.625130985495581
lao,2014,0.597656950861285
lao,2015,0.584721963843122
lao,2016,0.552442652116616
lao,2017,0.519000788863425
lao,2018,0.501950979993661
lao,2019,0.508879390886512
lao,2020,0.507327092931758
lao,2021,0.505884530154883
lbn,2005,0.586673687645299
lbn,2017,0.665232553874297
lbn,2018,0.686080058137877
lbn,2019,0.672151236681853
lbn,2020,0.658943888959867
lbn,2021,0.645238082962416
lbr,2005,0.499115172980183
lbr,2011,0.456087990090021
lbr,2012,0.475597431812161
lbr,2013,0.463292127240808
lbr,2014,0.471875001491644
lbr,2015,0.478064096880114
lbr,2016,0.405562402056586
lbr,2017,0.362969671453474
lbr,2018,0.347503701323527
lbr,2019,0.34161447619162
lbr,2020,0.331365942573899
lbr,2021,0.318499298538165
lca,2011,0.53515366796188
lca,2012,0.370577897431958
lca,2013,0.328297184124536
lca,2014,0.353677221270312
lca,2015,0.383699732368415
lca,2016,0.494747272428968
lca,2017,0.685800010892838
lca,2018,0.687175119140526
lca,2019,0.69063895679737
lca,2020,0.689654725847284
lca,2021,0.686395855625207
lka,2005,0.505429861997742
lka,2011,0.390237273485799
lka,2012,0.405633370151735
lka,2013,0.375480139989289
lka,2014,0.357792630351565
lka,2015,0.333737955031318
lka,2016,0.278236952292802
lka,2017,0.253525814552867
lka,2018,0.260250627906268
lka,2019,0.272123856939426
lka,2020,0.277236918323845
lka,2021,0.279707143035218
lso,2005,0.531404970388617
lso,2011,0.470726986872638
lso,2012,0.44546625471798
lso,2013,0.444735626009833
lso,2014,0.461885463358809
lso,2015,0.427662378133038
lso,2016,0.387113239596974
lso,2017,0.35542180689242
lso,2018,0.332732086962848
lso,2019,0.336947878094275
lso,2020,0.330661103395127
lso,2021,0.324473358005311
ltu,2005,0.696830289404655
ltu,2011,0.628158500058089
ltu,2012,0.586876223941229
ltu,2013,0.656556109257023
ltu,2014,0.674428158584928
ltu,2015,0.686762676522465
ltu,2016,0.693701442327249
ltu,2017,0.697595885441775
ltu,2018,0.70890046324719
ltu,2019,0.721635146382593
ltu,2020,0.730780077211363
ltu,2021,0.737651397702619
lux,2005,0.0120478742122482
lux,2011,0.644539874084991
lux,2012,0.600299396533692
lux,2013,0.624763505946302
lux,2014,0.622299442633263
lux,2015,0.656325556124943
lux,2016,0.64908931656204
lux,2017,0.658614409191828
lux,2018,0.631599184847704
lux,2019,0.64267665372879
lux,2020,0.633685063534211
lux,2021,0.620048177975538
lva,2005,0.704045207316841
lva,2011,0.721710042022276
lva,2012,0.698717842881584
lva,2013,0.759024846861298
lva,2014,0.758406358315
lva,2015,0.769144583775202
lva,2016,0.774592794795288
lva,2017,0.762961060095179
lva,2018,0.767840923890352
lva,2019,0.7778002199638
lva,2020,0.784112037595
lva,2021,0.788536195909433
mac,2005,-0.130028964732911
mac,2011,0.576547830147413
mac,2012,0.537383120426557
mac,2013,0.555536005350374
mac,2014,0.529664603434847
mac,2015,0.550152312578881
mac,2016,0.570114452364177
mac,2017,0.573075988850626
mar,2005,0.704144701486183
mar,2011,0.612021849907105
mar,2012,0.63238230676272
mar,2013,0.661700363714984
mar,2014,0.676680404167963
mar,2015,0.674427653999857
mar,2016,0.660060632732307
mar,2017,0.649606418892321
mar,2018,0.637339726697745
mar,2019,0.656812765062487
mar,2020,0.657065738677148
mar,2021,0.653337651420477
mda,2005,0.491030843617506
mda,2011,0.637477962089005
mda,2012,0.570267591725063
mda,2013,0.562554899692012
mda,2014,0.514380814999534
mda,2015,0.522039051752018
mda,2016,0.534711777017153
mda,2017,0.548425114822521
mda,2018,0.546417014821061
mda,2019,0.539120901936086
mda,2020,0.508262370216962
mda,2021,0.528592975389886
mdg,2005,0.456678474911994
mdg,2011,0.227155986945574
mdg,2012,0.254067157322835
mdg,2013,0.234777764366045
mdg,2014,0.245344710280792
mdg,2015,0.253478080729952
mdg,2016,0.269981201292631
mdg,2017,0.26792369478667
mdg,2018,0.265074592901843
mdg,2019,0.267434854547527
mdg,2020,0.268400624234366
mdg,2021,0.263100562871641
mdv,2005,0.713904369357668
mdv,2011,0.506515807771487
mdv,2012,0.492809339050687
mdv,2013,0.517032003679183
mdv,2014,0.534738226588428
mdv,2015,0.528069266420258
mdv,2016,0.465027858768425
mdv,2017,0.42595017704095
mdv,2018,0.424917134435577
mdv,2019,0.404109858129581
mdv,2020,0.291005023322307
mdv,2021,0.406353791097188
mex,2005,0.711973565310444
mex,2011,0.68392875013034
mex,2012,0.650407258961493
mex,2013,0.662283185074977
mex,2014,0.666816024533119
mex,2015,0.665792270504904
mex,2016,0.658908964676348
mex,2017,0.653373578814163
mex,2018,0.648259695650855
mex,2019,0.62361963663596
mex,2020,0.636956291746326
mex,2021,0.644835160591882
mkd,2005,0.704511206216068
mkd,2011,0.679206167658395
mkd,2012,0.632857214555445
mkd,2013,0.660960962805106
mkd,2014,0.634333008029116
mkd,2015,0.634284933264794
mkd,2016,0.586153207388417
mkd,2017,0.552005254997684
mkd,2018,0.569190918047768
mkd,2019,0.581281752642069
mkd,2020,0.595237275372985
mkd,2021,0.608648741759286
mli,2005,0.498375500178462
mli,2011,0.281006693946487
mli,2012,0.300641410213218
mli,2013,0.383514896887513
mli,2014,0.420029393421377
mli,2015,0.446077224727259
mli,2016,0.463605212952023
mli,2017,0.489668521825039
mli,2018,0.484780608460172
mli,2019,0.483148360808857
mli,2020,0.477707110126701
mli,2021,0.468057594152545
mlt,2005,0.694280006340893
mlt,2011,0.601041660043945
mlt,2012,0.5960691231734
mlt,2013,0.614602834620702
mlt,2014,0.618301585054896
mlt,2015,0.608067460499711
mlt,2016,0.613734862942738
mlt,2017,0.623464534419336
mlt,2018,0.680820881532403
mlt,2019,0.748823292540551
mlt,2020,0.745081462312716
mlt,2021,0.801060958572275
mmr,2011,0.434980415761889
mmr,2012,0.475771281221873
mmr,2013,0.482205757357295
mmr,2014,0.470406837149512
mmr,2015,0.438720129701518
mmr,2016,0.408810363134752
mmr,2017,0.391526967258176
mmr,2018,0.212545513997436
mmr,2019,0.383015433552397
mmr,2020,0.377543742792935
mmr,2021,0.371570195643081
mne,2005,0.735815357855528
mne,2011,0.452551975148226
mne,2012,0.407482142391633
mne,2013,0.434178201391948
mne,2014,0.432737900071947
mne,2015,0.415561166318723
mne,2016,0.405252285717257
mne,2017,0.401908428622449
mne,2018,0.362958584413163
mne,2019,0.40310758162459
mne,2020,0.411684171759428
mne,2021,0.416685071561623
mng,2005,0.5483647718332
mng,2011,0.485090856246235
mng,2012,0.496867945081567
mng,2013,0.525921724560121
mng,2014,0.564405438473196
mng,2015,0.553927428843131
mng,2016,0.51013103839988
mng,2017,0.466781768001791
mng,2018,0.447943085876465
mng,2019,0.426558855066947
mng,2020,0.404164049449916
mng,2021,0.376388133087735
moz,2005,0.42110554753934
moz,2011,0.269695608435283
moz,2012,0.312409158153676
moz,2013,0.354014086416342
moz,2014,0.430344271376705
moz,2015,0.451985212775165
moz,2016,0.40068749609691
moz,2017,0.420303747586837
moz,2018,0.42618414612587
moz,2019,0.432512374944699
moz,2020,0.441993769792415
moz,2021,0.454113238395067
mrt,2005,0.478228406905793
mrt,2011,0.305741877133988
mrt,2012,0.361132801081731
mrt,2013,0.409115279857723
mrt,2014,0.488590142952184
mrt,2015,0.478090234734178
mrt,2016,0.482049198656406
mrt,2017,0.412213583869043
mrt,2018,0.389870226282224
mrt,2019,0.368850249272758
mrt,2020,0.343274311883398
mrt,2021,0.313413511467754
msr,2011,0.595107644870923
msr,2012,0.47787242527181
msr,2013,0.491652255004519
msr,2014,0.462319194164546
msr,2015,0.47649019366635
msr,2016,0.461502388537496
msr,2017,0.465542990135635
msr,2018,0.450036121550412
msr,2019,0.351206332293066
msr,2020,0.434314479529095
msr,2021,0.450747761527133
mus,2005,0.773102330812861
mus,2011,0.362968528950732
mus,2012,0.409090783211243
mus,2013,0.493976895607626
mus,2014,0.546430964177396
mus,2015,0.571245726898289
mus,2016,0.603405288552358
mus,2017,0.615308600210648
mus,2018,0.6203224413105
mus,2019,0.625578509353519
mus,2020,0.624684160602029
mus,2021,0.61906449691652
mwi,2005,0.518394020107512
mwi,2011,0.241768868452072
mwi,2012,0.328050597947066
mwi,2013,0.421147251298226
mwi,2014,0.465399498804243
mwi,2015,0.49375412807631
mwi,2016,0.503282370114949
mwi,2017,0.513241194818026
mwi,2018,0.524895562625061
mwi,2019,0.532652488976515
mwi,2020,0.539095783498916
mwi,2021,0.544256746524632
mys,2005,0.0613140752511665
mys,2011,0.729843299038575
mys,2012,0.677067474433714
mys,2013,0.69535583695878
mys,2014,0.684320533218568
mys,2015,0.643614296215853
mys,2016,0.588999750524039
mys,2017,0.557488260271324
mys,2018,0.290634796421808
mys,2019,0.519393683580506
mys,2020,0.51687346350521
mys,2021,0.488520898322394
nam,2005,0.655312399720797
nam,2011,0.673357147286212
nam,2012,0.593365794839773
nam,2013,0.591009519565731
nam,2014,0.546132252296211
nam,2015,0.510864318917332
nam,2016,0.462077995853147
nam,2017,0.405381127262045
nam,2018,0.373613316130004
nam,2019,0.373428820370923
nam,2020,0.361751826828524
nam,2021,0.345500049676073
ner,2005,0.56326273485416
ner,2011,0.423459593442588
ner,2012,0.404137793180893
ner,2013,0.441360243503717
ner,2014,0.453782359225338
ner,2015,0.462242968713102
ner,2016,0.42435828868578
ner,2017,0.423203245314522
ner,2018,0.422996013367618
ner,2019,0.426947288752293
ner,2020,0.429198216113899
ner,2021,0.431328734231773
nga,2005,-0.100780876306739
nga,2011,0.23855561441207
nga,2012,0.256065621735778
nga,2013,0.199605135796376
nga,2014,0.218789593990557
nga,2015,0.241026817844329
nga,2016,0.251610684869783
nga,2017,0.246359291729156
nga,2018,0.257158923611753
nga,2019,0.269230610942055
nga,2020,0.273212178677023
nga,2021,0.153695451488773
nic,2011,0.632644356840631
nic,2012,0.634759511508419
nic,2013,0.675511652611714
nic,2014,0.681842973296125
nic,2015,0.631472424936798
nic,2016,0.606543103119385
nic,2017,0.619129461243884
nic,2018,0.619213520518888
nic,2019,0.612183551210357
nic,2020,0.595387983751569
nic,2021,0.573456377880524
nld,2005,0.6114667876402
nld,2011,0.69031977804401
nld,2012,0.721088379047329
nld,2013,0.76736341345599
nld,2014,0.782589920550064
nld,2015,0.781571264734546
nld,2016,0.790452102928681
nld,2017,0.786581747950511
nld,2018,0.790409626546693
nld,2019,0.783722302948434
nld,2020,0.783349154190547
nld,2021,0.781696480585587
nor,2005,0.182937236929042
nor,2011,0.652874141592348
nor,2012,0.636063417237991
nor,2013,0.63855654658682
nor,2014,0.651686547962656
nor,2015,0.660546561145529
nor,2016,0.673080839193982
nor,2017,0.684142862688575
nor,2018,0.697435596105704
nor,2019,0.698755261696265
nor,2020,0.699697910356238
nor,2021,0.6981898892463
npl,2005,0.516586385363193
npl,2011,0.280853597515133
npl,2012,0.292124320895878
npl,2013,0.281573965013654
npl,2014,0.262543266426501
npl,2015,0.256019791569502
npl,2016,0.208899361408028
npl,2017,0.216475580169249
npl,2018,0.20693565326594
npl,2019,0.203277766747406
npl,2020,0.198207699307779
npl,2021,0.193313335905441
nzl,2005,0.876111853339863
nzl,2011,0.811503801620145
nzl,2012,0.810793057925046
nzl,2013,0.808174436589981
nzl,2014,0.801129026561076
nzl,2015,0.793851445909682
nzl,2016,0.786123993279662
nzl,2017,0.786335303421702
nzl,2018,0.792543085769706
nzl,2019,0.798117343158327
nzl,2020,0.800292106220292
nzl,2021,0.798734863159455
omn,2005,-0.0295602029658755
omn,2011,0.702766448579921
omn,2012,0.647834165416217
omn,2013,0.656637939642411
omn,2014,0.630653779886276
omn,2015,0.628590942378355
omn,2016,0.581994296774347
omn,2017,0.620713001401045
omn,2018,0.651808097443676
omn,2019,0.646800114577242
omn,2020,0.637609108612503
omn,2021,0.626648105580616
pak,2005,0.432096390888307
pak,2011,0.459003423539978
pak,2012,0.432416697804701
pak,2013,0.432625377891911
pak,2014,0.397318923136517
pak,2015,0.449016649252682
pak,2016,0.386781279990735
pak,2017,0.328822687093656
pak,2018,0.31521138253286
pak,2019,0.305391905568007
pak,2020,0.293497446532919
pak,2021,0.280920077772971
pan,2011,0.603540710222508
pan,2012,0.519993542142313
pan,2013,0.55828853918596
pan,2014,0.561904576700012
pan,2015,0.552383525242591
pan,2016,0.554537876460338
pan,2017,0.550098880759124
pan,2018,0.557428296232457
pan,2019,0.583205451777639
pan,2020,0.595861288639406
pan,2021,0.599917557009553
per,2005,0.455464745092703
per,2011,0.577591675822384
per,2012,0.541647823536715
per,2013,0.556395563149035
per,2014,0.572509162951106
per,2015,0.574050718530004
per,2016,0.571012893474468
per,2017,0.572034438801623
per,2018,0.531237965027128
per,2019,0.571638458909864
per,2020,0.569011374846865
per,2021,0.563682955922325
phl,2005,0.4612984381092
phl,2011,0.478451572530928
phl,2012,0.475783127582043
phl,2013,0.504828226701493
phl,2014,0.513794259948417
phl,2015,0.50090403191195
phl,2016,0.484023886840502
phl,2017,0.468442675138297
phl,2018,0.458014054956526
phl,2019,0.449338200375868
phl,2020,0.437771061121702
phl,2021,0.424614677948071
pol,2005,0.704207599187985
pol,2011,0.659108353798614
pol,2012,0.632677260112272
pol,2013,0.679547367018718
pol,2014,0.69572802408154
pol,2015,0.697228348969187
pol,2016,0.689010079845097
pol,2017,0.684949590949946
pol,2018,0.665681853573881
pol,2019,0.655312248787431
pol,2020,0.634788323897072
pol,2021,0.60289361481485
prt,2005,0.84353475789847
prt,2011,0.785102468955506
prt,2012,0.778339956180156
prt,2013,0.807843882349655
prt,2014,0.803177994703992
prt,2015,0.797146617512224
prt,2016,0.791068501433524
prt,2017,0.774572730654461
prt,2018,0.777978456101818
prt,2019,0.813380312532374
prt,2020,0.827517562246326
prt,2021,0.83610525217172
pry,2005,0.671466096591092
pry,2011,0.573880075461661
pry,2012,0.657632679132646
pry,2013,0.661505846045874
pry,2014,0.674376334621984
pry,2015,0.670856405716161
pry,2016,0.662178205738116
pry,2017,0.592970770754721
pry,2018,0.543913208180111
pry,2019,0.583971517865415
pry,2020,0.578832246402235
pry,2021,0.569773734607739
pse,2011,0.54914819237981
pse,2012,0.490488953194366
pse,2013,0.504491210839351
pse,2014,0.480069196046918
pse,2015,0.45079373370775
pse,2016,0.469091241277076
pse,2017,0.458964310237793
pse,2018,0.47813447069345
pse,2019,0.479121954130921
pse,2020,0.477011143013758
pse,2021,0.46989005129967
qat,2005,-0.10884303510003
qat,2011,0.49947743029535
qat,2012,0.505050119118219
qat,2013,0.487120241105711
qat,2014,0.49088065908494
qat,2015,0.504020054849167
qat,2016,0.497462812800416
qat,2017,0.499033567856339
qat,2018,0.448453337081768
qat,2019,0.444812450241582
qat,2020,0.429146586381903
qat,2021,0.406332202279756
rou,2005,0.733608957480978
rou,2011,0.653568742673942
rou,2012,0.608012631803144
rou,2013,0.663916532241361
rou,2014,0.677576085482603
rou,2015,0.671348876058902
rou,2016,0.678946857287362
rou,2017,0.669433617210878
rou,2018,0.674594901209685
rou,2019,0.671100697940668
rou,2020,0.662828253250777
rou,2021,0.64860962417143
rus,2005,0.116112170979853
rus,2011,0.734636954686096
rus,2012,0.728996127592217
rus,2013,0.757156334455538
rus,2014,0.761238777817908
rus,2015,0.748885333792711
rus,2016,0.749049197861883
rus,2017,0.737106380768113
rus,2018,0.734518673307633
rus,2019,0.730425999423752
rus,2020,0.720781653690482
rus,2021,0.689365098656857
rwa,2005,0.611417258839997
rwa,2011,0.454136759950132
rwa,2012,0.441389414696712
rwa,2013,0.43491507899277
rwa,2014,0.444230441921486
rwa,2015,0.430804027870931
rwa,2016,0.432515697715982
rwa,2017,0.426274412797261
rwa,2018,0.39641745053964
rwa,2019,0.416998419221644
rwa,2020,0.414395454408717
rwa,2021,0.410100783750059
sau,2005,-0.0884199439437845
sau,2011,0.678311256695995
sau,2012,0.648414279904581
sau,2013,0.676125896682679
sau,2014,0.649651500545783
sau,2015,0.654582946960292
sau,2016,0.655702429659145
sau,2017,0.641490540373193
sau,2018,0.668130809196354
sau,2019,0.669054151552718
sau,2020,0.66411405146862
sau,2021,0.654209796854526
sdn,2005,0.466823179981315
sdn,2011,0.382063925897916
sdn,2012,0.375954303979496
sdn,2013,0.322701226408424
sdn,2014,0.327870864654235
sdn,2015,0.327835107413535
sdn,2016,0.306505630900431
sdn,2017,0.306071270318543
sdn,2018,0.194791018767198
sdn,2019,0.175503863370789
sdn,2020,0.154952703202474
sdn,2021,0.112795965192277
sen,2005,0.514235098127137
sen,2011,0.487033116348442
sen,2012,0.476874897114572
sen,2013,0.525822009403956
sen,2014,0.577472335916632
sen,2015,0.557545035098521
sen,2016,0.557864221760543
sen,2017,0.533177475447344
sen,2018,0.536333154751594
sen,2019,0.561449724396419
sen,2020,0.578742093285739
sen,2021,0.593371579883531
sgp,2005,-0.0268396734138603
sgp,2011,0.740355563317389
sgp,2012,0.727876418208695
sgp,2013,0.747339966181804
sgp,2014,0.747365231211927
sgp,2015,0.747854829104138
sgp,2016,0.71033110844669
sgp,2017,0.675566831691984
sgp,2018,0.680024325547775
sgp,2019,0.683400002014931
sgp,2020,0.684111595983683
sgp,2021,0.683612784266555
sle,2005,0.494924166758466
sle,2011,0.263380712513001
sle,2012,0.242975055806793
sle,2013,0.18311261051492
sle,2014,0.185531299477399
sle,2015,0.232744115846781
sle,2016,0.258323194273646
sle,2017,0.261572263406473
sle,2018,0.251431486940552
sle,2019,0.243121524072963
sle,2020,0.232432894235662
sle,2021,0.22171055697201
slv,2011,0.668299511587668
slv,2012,0.609240633589383
slv,2013,0.61881279805017
slv,2014,0.597408303219701
slv,2015,0.574334145164606
slv,2016,0.555748482323558
slv,2017,0.538834451482383
slv,2018,0.542691153143109
slv,2019,0.544511984190906
slv,2020,0.545236405273223
slv,2021,0.54470525678806
som,2021,0.0893993757904511
srb,2005,0.578170745005332
srb,2011,0.71068874395268
srb,2012,0.652962289878816
srb,2013,0.688500490958915
srb,2014,0.685350750861977
srb,2015,0.678525730686831
srb,2016,0.675840396087488
srb,2017,0.678053694526269
srb,2018,0.68590287225221
srb,2019,0.694858250439103
srb,2020,0.697271223464872
srb,2021,0.699067207885042
ssd,2021,0.0102919600231455
stp,2005,0.5164796017562
stp,2011,0.45386727907247
stp,2012,0.409127486551339
stp,2013,0.458200209581899
stp,2014,0.502011504829071
stp,2015,0.500393724752085
stp,2016,0.447978961907281
stp,2017,0.434232010625603
stp,2018,0.432706816207007
stp,2019,0.415758077028934
stp,2020,0.397219887923329
stp,2021,0.375190786902619
sur,2011,0.296284652035392
sur,2012,0.125448844296342
sur,2013,0.108487236659881
sur,2014,0.0879082899884657
sur,2015,0.110909553727865
sur,2016,0.112534526926792
sur,2017,0.318229904925287
sur,2018,0.302797450994904
sur,2019,0.289961214309883
sur,2020,0.274152832032694
sur,2021,0.257015624678287
svk,2005,0.724950883949736
svk,2011,0.616573175847323
svk,2012,0.607447927163628
svk,2013,0.637244489261905
svk,2014,0.65954989326757
svk,2015,0.649269132414445
svk,2016,0.711098785534103
svk,2017,0.716723465041943
svk,2018,0.71461995566146
svk,2019,0.377821730561796
svk,2020,0.720388495780879
svk,2021,0.719523909059688
svn,2005,0.757320431632424
svn,2011,0.755661225881217
svn,2012,0.711375920420681
svn,2013,0.750906771457376
svn,2014,0.753664458594278
svn,2015,0.75373580326654
svn,2016,0.751509744417876
svn,2017,0.746017057486579
svn,2018,0.748808119412428
svn,2019,0.76649743675381
svn,2020,0.768269287975383
svn,2021,0.765119057950335
swe,2005,0.568840282873703
swe,2011,0.715029439609331
swe,2012,0.754605190942679
swe,2013,0.770386954864431
swe,2014,0.772491988989111
swe,2015,0.7646927308682
swe,2016,0.748979317527568
swe,2017,0.749557452448594
swe,2018,0.747409490130385
swe,2019,0.735112279066827
swe,2020,0.714601232422089
swe,2021,0.675671078661263
swz,2005,0.606604945844695
swz,2011,0.459768675738421
swz,2012,0.414301429645579
swz,2013,0.444632952280379
swz,2014,0.446711126511002
swz,2015,0.445298781257014
swz,2016,0.45457086569926
swz,2017,0.411752167211618
swz,2018,0.380164890073173
swz,2019,0.38349970826479
swz,2020,0.371206281172613
swz,2021,0.357251506914287
sxm,2011,0.662346304695926
sxm,2012,0.662067050728372
sxm,2013,0.655126792644237
sxm,2014,0.641342802701351
sxm,2015,0.647843030325706
sxm,2016,0.642701241033025
sxm,2017,0.647270295284095
sxm,2018,0.643655684303503
sxm,2019,0.64323530140302
sxm,2020,0.641182241180021
sxm,2021,0.638521749582233
syc,2011,0.606028691219922
syc,2012,0.559872713169306
syc,2013,0.55228234286196
syc,2014,0.511490336619143
syc,2015,0.528948719712657
syc,2016,0.538892790582149
syc,2017,0.529033430148475
syc,2018,0.502978368583366
syc,2019,0.493849264272165
syc,2020,0.480061177946722
syc,2021,0.435150417660742
syr,2005,0.564853175933114
syr,2021,0.588065132170502
tca,2011,0.619609269946524
tca,2012,0.545038188117039
tca,2013,0.53795892964537
tca,2014,0.54773202641457
tca,2015,0.543458126080519
tca,2016,0.535299103132712
tca,2017,0.538526416328892
tca,2018,0.537755445648305
tca,2019,0.539024421450128
tca,2020,0.538663593142911
tca,2021,0.537679291169505
tcd,2005,0.00180925659716261
tcd,2011,0.232771923014848
tcd,2012,0.320778601082863
tcd,2013,0.479058190176496
tcd,2014,0.467414418112293
tcd,2015,0.432421561082093
tcd,2016,0.379726751489542
tcd,2017,0.402710857302218
tcd,2018,0.417508020771527
tcd,2019,0.433668046566747
tcd,2020,0.445414326463823
tcd,2021,0.454715324931183
tgo,2005,0.437717299797529
tgo,2011,0.37247159319229
tgo,2012,0.403207079907978
tgo,2013,0.482065931590136
tgo,2014,0.492368828981441
tgo,2015,0.480031236445576
tgo,2016,0.516413989240019
tgo,2017,0.505389245179607
tgo,2018,0.49348645259256
tgo,2019,0.499380501653729
tgo,2020,0.49584250243404
tgo,2021,0.490397774491941
tha,2005,0.556806778090519
tha,2011,0.641175879023274
tha,2012,0.570367400687664
tha,2013,0.600243190337785
tha,2014,0.613071856301921
tha,2015,0.595472770227734
tha,2016,0.566160173211888
tha,2017,0.543218235782297
tha,2018,0.539460922029749
tha,2019,0.53850466110526
tha,2020,0.535444815623066
tha,2021,0.485800499423954
tjk,2005,0.337332869477133
tjk,2011,0.229069837617508
tjk,2012,0.20328089944797
tjk,2013,0.191791121913298
tjk,2014,0.185219845453585
tjk,2015,0.256687573795726
tjk,2016,0.286908858770021
tjk,2017,0.329243063900862
tjk,2018,0.371466046138866
tjk,2019,0.368309987937512
tjk,2020,0.366889949725386
tjk,2021,0.357438666967829
tto,2011,0.521649616668518
tto,2012,0.538731110980749
tto,2013,0.58629169803927
tto,2014,0.601057924317479
tto,2015,0.594799553496644
tto,2016,0.577878805379153
tto,2017,0.547335205608625
tto,2018,0.552872490691201
tto,2019,0.554614530514054
tto,2020,0.552119492186742
tto,2021,0.547628139551627
tun,2005,0.664179176770538
tun,2011,0.708642715318982
tun,2012,0.686900156402578
tun,2013,0.708868459004944
tun,2014,0.670342023689539
tun,2015,0.684687109869017
tun,2016,0.666106060584537
tun,2017,0.652097249575493
tun,2018,0.219951440979143
tun,2019,0.649869442409572
tun,2020,0.646167756167126
tun,2021,0.637710036029736
tur,2005,0.770587512658077
tur,2011,0.581201503496505
tur,2012,0.544836642119934
tur,2013,0.556640271682156
tur,2014,0.652819980881606
tur,2015,0.648660478133023
tur,2016,0.647113468176375
tur,2017,0.645909558782288
tur,2018,0.634567927692781
tur,2019,0.646696455844871
tur,2020,0.643644328593697
tur,2021,0.627085213394468
twn,2005,0.611786562400944
twn,2011,0.764862060856124
twn,2012,0.780817647554083
twn,2013,0.788389796752506
twn,2014,0.76350147731424
twn,2015,0.714122069333124
twn,2016,0.658888737690395
twn,2017,0.605784116919747
twn,2018,0.604615734601822
twn,2019,0.601695569082064
twn,2020,0.595396878034794
twn,2021,0.585943797020473
tza,2005,0.25979789192124
tza,2011,0.237438609254751
tza,2012,0.220413510119963
tza,2013,0.232429349857887
tza,2014,0.233710523795728
tza,2015,0.189872004299561
tza,2016,0.145484233044222
tza,2017,0.227073470104357
tza,2018,0.350782244560168
tza,2019,0.419605718088441
tza,2020,0.456450802746979
tza,2021,0.397138721520492
uga,2005,0.636701521309489
uga,2011,0.398273040079778
uga,2012,0.288948764141035
uga,2013,0.342119367269068
uga,2014,0.406446247405008
uga,2015,0.430208532342793
uga,2016,0.475418980565061
uga,2017,0.462123150495111
uga,2018,0.451541920954303
uga,2019,0.459378365588564
uga,2020,0.459887447777309
uga,2021,0.458668315403243
ukr,2005,0.559826457288488
ukr,2011,0.587882670222518
ukr,2012,0.473483680855897
ukr,2013,0.513952177427507
ukr,2014,0.492795954733722
ukr,2015,0.506481590449762
ukr,2016,0.499697212879935
ukr,2017,0.45699755987572
ukr,2018,0.516532980787708
ukr,2019,0.523141634715542
ukr,2020,0.537355417367125
ukr,2021,0.563297878085989
ury,2005,0.715130889750932
ury,2011,0.759190647843135
ury,2012,0.722235245430083
ury,2013,0.735371926831146
ury,2014,0.736352498815044
ury,2015,0.726891503874587
ury,2016,0.710008128468649
ury,2017,0.75344332975662
ury,2018,0.762745810663134
ury,2019,0.761370384537502
ury,2020,0.743132746033489
ury,2021,0.747886555846652
usa,1970,1.0
usa,1975,1.0
usa,1980,1.0
usa,1985,1.0
usa,1996,1.0
usa,2005,1.0
usa,2011,1.0
usa,2012,1.0
usa,2013,1.0
usa,2014,1.0
usa,2015,1.0
usa,2016,1.0
usa,2017,1.0
usa,2018,1.0
usa,2019,1.0
usa,2020,1.0
usa,2021,1.0
vct,2011,0.620614089222141
vct,2012,0.607789071537956
vct,2013,0.607414983452038
vct,2014,0.608669411046403
vct,2015,0.611224677826479
vct,2016,0.595709440554911
vct,2017,0.596041077729997
vct,2018,0.598158329586706
vct,2019,0.60661036476334
vct,2020,0.609439326086961
vct,2021,0.611337685679305
ven,2005,0.0598580265581352
ven,2011,0.564750587761103
ven,2012,0.548907927329326
ven,2013,0.543561022913787
ven,2014,0.557615346847834
ven,2015,0.51729993297176
ven,2016,0.52595739489133
ven,2017,0.524215948095937
vgb,2011,0.598359225685709
vgb,2012,0.57253342957623
vgb,2013,0.56737093289741
vgb,2014,0.583908046246572
vgb,2015,0.57603208654811
vgb,2016,0.573969585013606
vgb,2017,0.576014157195359
vnm,2005,0.604789629101841
vnm,2011,0.579065269384733
vnm,2012,0.514978379080646
vnm,2013,0.51768215808452
vnm,2014,0.505845723498596
vnm,2015,0.494401498472878
vnm,2016,0.45070051598383
vnm,2017,0.426603123183518
vnm,2018,0.395195603843669
vnm,2019,0.350582673294583
vnm,2020,0.383968692743132
vnm,2021,0.372867761398339
yem,2005,0.547228295768308
yem,2011,0.349664039262637
yem,2012,0.362638785611472
yem,2013,0.338143417446264
yem,2014,0.363443303640875
yem,2015,0.366210248673911
yem,2016,0.356005203665787
yem,2017,0.353129942322201
zaf,2005,0.739692421935946
zaf,2011,0.740072603271234
zaf,2012,0.671004252617483
zaf,2013,0.704015040671528
zaf,2014,0.722072192318486
zaf,2015,0.725616377794016
zaf,2016,0.722882230203048
zaf,2017,0.730925984963505
zaf,2018,0.722127183198623
zaf,2019,0.718034392107332
zaf,2020,0.710180482339247
zaf,2021,0.698684303764247
zmb,2005,0.64598533793369
zmb,2011,0.42250461255061
zmb,2012,0.459158128982908
zmb,2013,0.469274914778585
zmb,2014,0.49646722738584
zmb,2015,0.429470015784697
zmb,2016,0.456527032941476
zmb,2017,0.44293789303772
zmb,2018,0.446455696829948
zmb,2019,0.461837527085147
zmb,2020,0.469783364319898
zmb,2021,0.464229756173235
zwe,2005,0.335690630658892
zwe,2011,0.355376133929615
zwe,2012,0.38202832446588
zwe,2013,0.461613154993548
zwe,2014,0.497329348706428
zwe,2015,0.502506443921584
zwe,2016,0.500059040625609
zwe,2017,0.503140390124446
zwe,2018,0.503163497555429
zwe,2019,0.504305990952937
zwe,2020,0.505746976511469
zwe,2021,0.503908014172285
