country,year,avh
arg,1950,2034.0
arg,1951,2037.8667525967949
arg,1952,2041.7408561157356
arg,1953,2045.622324531354
arg,1954,2049.511171844748
arg,1955,2053.407412083632
arg,1956,2057.3110593023894
arg,1957,2061.2221275821203
arg,1958,2065.1406310306943
arg,1959,2069.066583782801
arg,1960,2073.0
arg,1961,2066.2005116511955
arg,1962,2059.42332578276
arg,1963,2052.6683692420384
arg,1964,2045.9355691163166
arg,1965,2039.224852732037
arg,1966,2032.536147654013
arg,1967,2025.869381684646
arg,1968,2019.2244828631483
arg,1969,2012.6013794647647
arg,1970,2006.0
arg,1971,2002.661112336839
arg,1972,1999.3277820868523
arg,1973,1996.0
arg,1974,1992.842194737323
arg,1975,1989.6893853334022
arg,1976,1986.5415638844554
arg,1977,1983.3987224992045
arg,1978,1980.2608532988565
arg,1979,1977.127948417083
arg,1980,1974.0
arg,1981,1961.2300566642687
arg,1982,1948.5427229804106
arg,1983,1935.9374645408404
arg,1984,1923.4137503950928
arg,1985,1910.9710530274576
arg,1986,1898.6088483347608
arg,1987,1886.326615604288
arg,1988,1874.123837491852
arg,1989,1862.0
arg,1990,1850.0
arg,1991,1837.960826568401
arg,1992,1826.0
arg,1993,1850.3378069963333
arg,1994,1875.0
arg,1995,1881.9611380085464
arg,1996,1888.948119986359
arg,1997,1895.9610418819373
arg,1998,1903.0
arg,1999,1887.2850062069106
arg,2000,1862.1362674780219
arg,2001,1811.1525697346522
arg,2002,1710.0365596731456
arg,2003,1713.5746140705596
arg,2004,1743.3998755515925
arg,2005,1771.678525116211
arg,2006,1775.920325683024
arg,2007,1787.5447239313905
arg,2008,1789.7649726240065
arg,2009,1751.6228442566405
arg,2010,1760.2247824375165
arg,2011,1760.2303688691725
arg,2012,1736.103360116803
arg,2013,1725.8735529094804
arg,2014,1705.4283684101129
arg,2015,1703.4685392099657
arg,2016,1646.5125323174207
arg,2017,1648.8128319055493
arg,2018,1638.4400391564332
arg,2019,1609.0689977826453
aus,1950,2170.9234060001418
aus,1951,2150.846928124357
aus,1952,2130.956115464942
aus,1953,2111.2492510089432
aus,1954,2091.724633622168
aus,1955,2072.3805779023382
aus,1956,2053.2154140336047
aus,1957,2034.2274876424037
aus,1958,2015.41515965465
aus,1959,1996.7768061542479
aus,1960,1978.310818242911
aus,1961,1974.661182050351
aus,1962,1971.0182787959195
aus,1963,1967.3820960585276
aus,1964,1963.752621440001
aus,1965,1960.1298425650375
aus,1966,1956.5137470811662
aus,1967,1952.9043226587034
aus,1968,1949.301556990712
aus,1969,1945.7054377929585
aus,1970,1942.115952803873
aus,1971,1923.4794331106455
aus,1972,1903.1486843543973
aus,1973,1889.80663048311
aus,1974,1907.0665890626328
aus,1975,1893.8304245077838
aus,1976,1904.2075775187855
aus,1977,1906.007695898245
aus,1978,1906.8548104297552
aus,1979,1912.2551655681336
aus,1980,1909.762827310066
aus,1981,1894.8094482427784
aus,1982,1870.6583170695112
aus,1983,1857.0141304391404
aus,1984,1878.1584611765384
aus,1985,1869.2602361635716
aus,1986,1873.8744790240721
aus,1987,1871.6334166372415
aus,1988,1867.8535516565776
aus,1989,1877.780871203877
aus,1990,1863.9597606640432
aus,1991,1850.4849851871822
aus,1992,1846.5440602020892
aus,1993,1863.784511139976
aus,1994,1869.9487517217176
aus,1995,1870.3295777994476
aus,1996,1863.8229920762953
aus,1997,1861.0985084276329
aus,1998,1846.6295588496605
aus,1999,1848.4750028632234
aus,2000,1847.4800680912945
aus,2001,1814.1289321970796
aus,2002,1808.1211102857962
aus,2003,1801.5743358760267
aus,2004,1799.364187000947
aus,2005,1797.0736019002306
aus,2006,1786.9062929171284
aus,2007,1786.2519953335295
aus,2008,1786.4765795004903
aus,2009,1757.9603951166655
aus,2010,1763.3227871291754
aus,2011,1765.2895469442872
aus,2012,1757.2184503263384
aus,2013,1756.289630422355
aus,2014,1746.4962390251244
aus,2015,1746.483472454062
aus,2016,1736.0810643034163
aus,2017,1736.800304129141
aus,2018,1729.3420631214626
aus,2019,1726.797659012843
aut,1950,2085.6695531212813
aut,1951,2083.0156564035206
aut,1952,2080.365136619454
aut,1953,2077.717989472124
aut,1954,2075.0742106700404
aut,1955,2072.4337959271747
aut,1956,2069.7967409629514
aut,1957,2067.163041502242
aut,1958,2064.5326932753574
aut,1959,2061.9056920180424
aut,1960,2059.2820334714675
aut,1961,2046.6297556277507
aut,1962,2034.0552136803476
aut,1963,2021.5579300180605
aut,1964,2009.137429964146
aut,1965,1996.793241758286
aut,1966,1984.5248965386695
aut,1967,1972.331928324183
aut,1968,1960.2138739967124
aut,1969,1948.1702732835522
aut,1970,1890.1374191878654
aut,1971,1885.2879642683104
aut,1972,1905.7499210543829
aut,1973,1900.7312997332072
aut,1974,1978.6624548216928
aut,1975,1903.971649817364
aut,1976,1898.0423832600304
aut,1977,1904.783096738778
aut,1978,1844.0675733388794
aut,1979,1876.680397494756
aut,1980,1881.0353852307107
aut,1981,1819.1412239725898
aut,1982,1835.118889319159
aut,1983,1829.9122813501244
aut,1984,1825.9255298415096
aut,1985,1821.5303009740574
aut,1986,1820.7109722760335
aut,1987,1808.7162521787484
aut,1988,1812.131248954785
aut,1989,1825.243228733994
aut,1990,1826.0297782391108
aut,1991,1836.444171343395
aut,1992,1804.9313616325226
aut,1993,1802.2981319687885
aut,1994,1800.538069398797
aut,1995,1774.4363878643928
aut,1996,1807.2706167888987
aut,1997,1815.6919556707282
aut,1998,1794.030506559538
aut,1999,1797.97135268246
aut,2000,1798.4322111761214
aut,2001,1785.4201480698043
aut,2002,1782.8479401224863
aut,2003,1773.9778545002273
aut,2004,1776.4658384768554
aut,2005,1752.4893490665909
aut,2006,1735.6695333098182
aut,2007,1724.7791403857225
aut,2008,1717.1951001802338
aut,2009,1673.0751075599262
aut,2010,1665.843868420603
aut,2011,1671.6877905789354
aut,2012,1647.8528759904498
aut,2013,1632.067624538778
aut,2014,1621.5657644545647
aut,2015,1605.2805480756217
aut,2016,1618.2107787244922
aut,2017,1608.1809674225103
aut,2018,1612.6927480831005
aut,2019,1611.3742228330175
bel,1950,2096.1490666468544
bel,1951,2085.919417394585
bel,1952,2075.7396909867775
bel,1953,2065.60964378943
bel,1954,2055.529033357523
bel,1955,2045.4976184292227
bel,1956,2035.5151589201018
bel,1957,2025.5814159173965
bel,1958,2015.6961516742874
bel,1959,2005.8591296042098
bel,1960,1996.0701142751911
bel,1961,1984.2296008790754
bel,1962,1972.4593243731777
bel,1963,1960.758868118406
bel,1964,1949.1278179471356
bel,1965,1937.565762148547
bel,1966,1926.0722914540543
bel,1967,1914.646999022816
bel,1968,1903.289480427336
bel,1969,1891.999333639146
bel,1970,1880.776159014576
bel,1971,1871.717158248662
bel,1972,1845.7231560509388
bel,1973,1818.9681537888753
bel,1974,1788.8881512456915
bel,1975,1778.8241503948072
bel,1976,1780.3851505267855
bel,1977,1754.3521483257653
bel,1978,1735.8991467656135
bel,1979,1718.7871453188397
bel,1980,1698.9741436437034
bel,1981,1676.3321417293832
bel,1982,1661.973140515368
bel,1983,1667.9081410171564
bel,1984,1691.8771430436711
bel,1985,1697.8721435505324
bel,1986,1677.896141861615
bel,1987,1662.9191405953497
bel,1988,1650.9291395816272
bel,1989,1641.9371388213774
bel,1990,1655.9281400042794
bel,1991,1618.9741368799173
bel,1992,1596.0011349376118
bel,1993,1552.0561312221796
bel,1994,1552.0561312221796
bel,1995,1578.0261334178736
bel,1996,1552.0571312222642
bel,1997,1565.0441323202804
bel,1998,1576.0341332494554
bel,1999,1575.3821331943307
bel,2000,1589.1026108961726
bel,2001,1581.243158905425
bel,2002,1593.6455514309664
bel,2003,1598.2198676766707
bel,2004,1587.8026490695024
bel,2005,1577.6764485631377
bel,2006,1591.6376637200908
bel,2007,1593.6575317521738
bel,2008,1582.5051435727703
bel,2009,1563.2252139241075
bel,2010,1573.830710676846
bel,2011,1590.2343509773775
bel,2012,1587.2950747966058
bel,2013,1585.5950866418075
bel,2014,1581.595988726486
bel,2015,1575.4568687328092
bel,2016,1574.1541719247962
bel,2017,1577.9176663720168
bel,2018,1583.2639970106495
bel,2019,1586.43099700467
bgd,1970,2520.860073460307
bgd,1971,2522.0147528441157
bgd,1972,2522.8999669575423
bgd,1973,2523.40868598861
bgd,1974,2523.7050646582115
bgd,1975,2523.754881761283
bgd,1976,2522.5800089561994
bgd,1977,2521.4927160542316
bgd,1978,2520.572464783923
bgd,1979,2519.8289631820926
bgd,1980,2519.2601324689986
bgd,1981,2519.0798918033292
bgd,1982,2522.794321305643
bgd,1983,2526.3980710392566
bgd,1984,2529.8146250957316
bgd,1985,2485.5731385952254
bgd,1986,2442.245110297989
bgd,1987,2400.8551092883827
bgd,1988,2360.193412797869
bgd,1989,2319.6324405531527
bgd,1990,2413.8336094104575
bgd,1991,2507.7631808596298
bgd,1992,2512.3062728093896
bgd,1993,2517.237898796476
bgd,1994,2522.57810325469
bgd,1995,2528.3392394907023
bgd,1996,2535.1076568630806
bgd,1997,2541.3678684847546
bgd,1998,2547.8000352796694
bgd,1999,2554.3581640604084
bgd,2000,2560.827162806356
bgd,2001,2561.9286472900303
bgd,2002,2563.5497002058655
bgd,2003,2565.5776996288055
bgd,2004,2576.8165530901306
bgd,2005,2587.2726698736215
bgd,2006,2597.6512414852823
bgd,2007,2591.94284773303
bgd,2008,2586.720564312484
bgd,2009,2581.948788587527
bgd,2010,2577.616019890154
bgd,2011,2491.949911792863
bgd,2012,2405.7833943753208
bgd,2013,2319.5666673777573
bgd,2014,2366.9432670482884
bgd,2015,2418.7508165741133
bgd,2016,2473.508957771578
bgd,2017,2418.882693223619
bgd,2018,2418.882693223619
bgd,2019,2418.882693223619
bgr,1995,1710.6739385602673
bgr,1996,1708.2025350071092
bgr,1997,1706.867470911068
bgr,1998,1649.98096841911
bgr,1999,1669.4998719165799
bgr,2000,1640.2537663620649
bgr,2001,1651.8589372701992
bgr,2002,1651.2594192643353
bgr,2003,1640.5110644211263
bgr,2004,1663.6886642768995
bgr,2005,1658.646399276737
bgr,2006,1654.1026677445432
bgr,2007,1654.521377933529
bgr,2008,1693.5960048759387
bgr,2009,1646.2753047235483
bgr,2010,1644.8379390047976
bgr,2011,1643.5927990807336
bgr,2012,1644.4498441678622
bgr,2013,1644.9795123890133
bgr,2014,1644.0589720369114
bgr,2015,1644.38528122198
bgr,2016,1643.5474323992667
bgr,2017,1643.2581162154113
bgr,2018,1644.571563248941
bgr,2019,1645.2464639261034
bra,1950,2042.0
bra,1951,2051.018631298764
bra,1952,2060.0770939934646
bra,1953,2069.17556400216
bra,1954,2078.314218019862
bra,1955,2087.493233521968
bra,1956,2096.712788767707
bra,1957,2105.9730628036027
bra,1958,2115.2742354669494
bra,1959,2124.616487389306
bra,1960,2134.0
bra,1961,2135.097456752394
bra,1962,2136.1954778962236
bra,1963,2137.2940637217393
bra,1964,2138.3932145193417
bra,1965,2139.4929305795795
bra,1966,2140.593212193152
bra,1967,2141.6940596509075
bra,1968,2142.795473243844
bra,1969,2143.8974532631087
bra,1970,2145.0
bra,1971,2128.540691888769
bra,1972,2112.2076815973514
bra,1973,2096.0
bra,1974,2079.7706946906646
bra,1975,2063.6670527166457
bra,1976,2047.6881010680984
bra,1977,2031.8328742691826
bra,1978,2016.100414319727
bra,1979,2000.489770637345
bra,1980,1985.0
bra,1981,1974.0968232429414
bra,1982,1963.2535352835632
bra,1983,1952.46980716562
bra,1984,1941.7453117397527
bra,1985,1931.079723653562
bra,1986,1920.47271934174
bra,1987,1909.9239770162528
bra,1988,1899.433176656579
bra,1989,1889.0
bra,1990,1879.0
bra,1991,1868.4704974925346
bra,1992,1858.0
bra,1993,1858.9997310381732
bra,1994,1860.0
bra,1995,1855.231695244771
bra,1996,1850.4756145380572
bra,1997,1845.7317265422307
bra,1998,1841.0
bra,1999,1813.8428151365445
bra,2000,1837.927049971237
bra,2001,1828.3263944361488
bra,2002,1818.725738901061
bra,2003,1811.1825146205338
bra,2004,1803.1260891787647
bra,2005,1783.13122718687
bra,2006,1779.1678511674938
bra,2007,1774.2664847889203
bra,2008,1771.2618621635684
bra,2009,1764.5467105247833
bra,2010,1761.3457471387326
bra,2011,1769.6213786196788
bra,2012,1765.1021724870493
bra,2013,1751.5537707816782
bra,2014,1738.8688781138135
bra,2015,1722.8758054408202
bra,2016,1714.6750280245906
bra,2017,1709.5943512355575
bra,2018,1706.0571693862848
bra,2019,1707.7950578668176
can,1950,2209.23404095152
can,1951,2194.1835461617497
can,1952,2181.939347604485
can,1953,2180.5283934521226
can,1954,2172.6036647685796
can,1955,2154.6565656565654
can,1956,2142.2789539227892
can,1957,2122.9817548175483
can,1958,2107.615124630334
can,1959,2104.4344001108343
can,1960,2090.80586844667
can,1961,2066.495353030934
can,1962,2065.0449993233187
can,1963,2050.357568533969
can,1964,2039.108422939068
can,1965,2021.2145488029464
can,1966,1995.1142568850903
can,1967,1985.598111227702
can,1968,1961.477696249709
can,1969,1942.4683830171634
can,1970,1925.0
can,1971,1912.0
can,1972,1904.0
can,1973,1898.0
can,1974,1891.0
can,1975,1872.0
can,1976,1862.0
can,1977,1834.0
can,1978,1836.0
can,1979,1841.0
can,1980,1827.0
can,1981,1812.0
can,1982,1788.3629543992422
can,1983,1780.2158089273887
can,1984,1791.1159497012409
can,1985,1794.9056197966493
can,1986,1798.5189261305231
can,1987,1807.0274022357642
can,1988,1807.8145868299293
can,1989,1802.8204812898969
can,1990,1795.292759760993
can,1991,1774.1893301491066
can,1992,1772.3869785373288
can,1993,1771.122321320473
can,1994,1784.990535154293
can,1995,1785.0163444852494
can,1996,1798.8071303262016
can,1997,1796.6778605223114
can,1998,1792.6430017828193
can,1999,1791.860118743813
can,2000,1786.1863674885994
can,2001,1773.0408149215536
can,2002,1754.3634624195536
can,2003,1743.8031445032914
can,2004,1753.7999586936753
can,2005,1744.01822226126
can,2006,1743.5407496385692
can,2007,1742.9256272507791
can,2008,1740.3059801587203
can,2009,1710.8360257618517
can,2010,1714.2084450068007
can,2011,1712.6512820391074
can,2012,1720.6306668597454
can,2013,1714.9354078287347
can,2014,1709.6014794311113
can,2015,1710.7801055447796
can,2016,1705.1923853927535
can,2017,1693.784661110095
can,2018,1707.0592603319217
can,2019,1689.2809328582302
che,1950,2039.995275458577
che,1951,2032.350876438519
che,1952,2024.735122992831
che,1953,2017.1479077790095
che,1954,2009.589123856791
che,1955,2002.0586646866457
che,1956,1994.5564241282752
che,1957,1987.082296439117
che,1958,1979.6361762728538
che,1959,1972.2179586779284
che,1960,1964.8275390960641
che,1961,1967.6351345957917
che,1962,1970.446741945075
che,1963,1973.2623668765552
che,1964,1976.0820151310647
che,1965,1978.9056924576391
che,1966,1981.733404613529
che,1967,1984.565157364212
che,1968,1987.4009564834034
che,1969,1990.2408077530695
che,1970,1993.0847169634367
che,1971,1982.7786482828258
che,1972,1958.4653613123046
che,1973,1931.66650101595
che,1974,1902.8223681467446
che,1975,1894.040031267439
che,1976,1890.915615336521
che,1977,1863.4857832936573
che,1978,1849.038560997643
che,1979,1836.3763440462003
che,1980,1821.839598051816
che,1981,1802.5231212942633
che,1982,1791.4211350048624
che,1983,1776.667920213431
che,1984,1757.5705870125414
che,1985,1751.3288266093944
che,1986,1742.7520818444789
che,1987,1741.4824592682498
che,1988,1740.9549563062703
che,1989,1725.789018037576
che,1990,1716.22087515004
che,1991,1713.7752385080048
che,1992,1723.1901620836209
che,1993,1719.4903308727678
che,1994,1741.3113391211332
che,1995,1720.266218542336
che,1996,1696.8719427555793
che,1997,1687.4536095430333
che,1998,1695.534484853394
che,1999,1717.400976178042
che,2000,1712.7430820604757
che,2001,1672.8507174669637
che,2002,1651.2582839352974
che,2003,1664.540531582513
che,2004,1694.9532878363664
che,2005,1689.9702267496007
che,2006,1679.2383817442083
che,2007,1668.8700287965526
che,2008,1659.4589794661283
che,2009,1650.7787904079337
che,2010,1624.3463818844202
che,2011,1619.3169128291083
che,2012,1603.2313689246027
che,2013,1582.8923711392479
che,2014,1575.321497230385
che,2015,1589.475082024818
che,2016,1590.2266622874977
che,2017,1569.5308662681346
che,2018,1561.1827969753444
che,2019,1556.8828443574903
chl,1951,2527.879530449093
chl,1952,2514.3144089097595
chl,1953,2500.82208060292
chl,1954,2487.402154905115
chl,1955,2474.054243289052
chl,1956,2460.7779593123555
chl,1957,2447.5729186063786
chl,1958,2434.438738865076
chl,1959,2421.3750398339357
chl,1960,2408.3814432989684
chl,1961,2389.305154639175
chl,1962,2370.2288659793808
chl,1963,2327.3072164948444
chl,1964,2322.538144329896
chl,1965,2336.8453608247414
chl,1966,2355.921649484535
chl,1967,2179.4659793814426
chl,1968,2260.540206185566
chl,1969,2289.154639175257
chl,1970,2160.389690721649
chl,1971,2255.7711340206183
chl,1972,2270.078350515464
chl,1973,2246.2329896907218
chl,1974,2227.1567010309277
chl,1975,2270.0783505154636
chl,1976,2284.385567010309
chl,1977,2255.7711340206183
chl,1978,2279.6164948453606
chl,1979,2303.461855670103
chl,1980,2317.7690721649487
chl,1981,2360.6907216494847
chl,1982,2308.2309278350517
chl,1983,2265.309278350516
chl,1984,2298.692783505155
chl,1985,2298.692783505155
chl,1986,2332.076288659794
chl,1987,2351.1525773195876
chl,1988,2360.6907216494847
chl,1989,2370.2288659793817
chl,1990,2408.381443298969
chl,1991,2370.2288659793817
chl,1992,2365.4597938144334
chl,1993,2370.2288659793817
chl,1994,2351.1525773195876
chl,1995,2313.0
chl,1996,2313.0
chl,1997,2256.0
chl,1998,2299.0
chl,1999,2277.0
chl,2000,2263.0
chl,2001,2242.0
chl,2002,2250.0
chl,2003,2235.0
chl,2004,2232.0
chl,2005,2157.0
chl,2006,2165.0
chl,2007,2128.0
chl,2008,2095.0
chl,2009,2074.0
chl,2010,2070.0
chl,2011,2047.0
chl,2012,2024.0
chl,2013,2015.0
chl,2014,1990.0
chl,2015,1988.0
chl,2016,1974.0
chl,2017,1954.0
chl,2018,1940.6
chl,2019,1914.4
chn,1970,1976.3119856575424
chn,1971,1975.7936833508477
chn,1972,1975.5076960974675
chn,1973,1975.3647961065847
chn,1974,1975.1897018204231
chn,1975,1974.8974413426909
chn,1976,1974.207479175584
chn,1977,1973.435253922903
chn,1978,1972.7274368914661
chn,1979,1972.1038175192334
chn,1980,1971.49673892565
chn,1981,1971.1016198500304
chn,1982,1970.706253024488
chn,1983,1970.1927309412724
chn,1984,1969.72290679925
chn,1985,1969.3904644388392
chn,1986,1970.4415985476417
chn,1987,1971.4633120172641
chn,1988,1972.6763854046903
chn,1989,1973.9872776908248
chn,1990,1975.3539929574204
chn,1991,1976.888062878869
chn,1992,1978.4228544564032
chn,1993,1981.6452945904684
chn,1994,1989.298929908828
chn,1995,2001.8339332549767
chn,1996,2017.2646824365481
chn,1997,2037.36385895159
chn,1998,2062.052304288121
chn,1999,2082.066540409558
chn,2000,2090.4753106194075
chn,2001,2103.515176133632
chn,2002,2118.2013758870085
chn,2003,2138.0822770288596
chn,2004,2167.8959458149307
chn,2005,2192.3545872707546
chn,2006,2183.058315025741
chn,2007,2152.650214150104
chn,2008,2131.5926871658457
chn,2009,2138.851737471646
chn,2010,2172.7101831154323
chn,2011,2178.809116540173
chn,2012,2184.292875717042
chn,2013,2178.3250154071998
chn,2014,2178.6624775995756
chn,2015,2170.4593170262488
chn,2016,2167.227689586743
chn,2017,2168.918848480165
chn,2018,2168.918848480165
chn,2019,2168.918848480165
col,1950,2323.0
col,1951,2312.280107656495
col,1952,2301.60968414289
col,1953,2290.988501176562
col,1954,2280.4163315283395
col,1955,2269.89294901764
col,1956,2259.4181285076315
col,1957,2248.9916459004144
col,1958,2238.613278132229
col,1959,2228.2828031686827
col,1960,2218.0
col,1961,2213.152604273491
col,1962,2208.3158024357685
col,1963,2203.4895713340957
col,1964,2198.6738878663355
col,1965,2193.868728980839
col,1966,2189.0740716763376
col,1967,2184.289893001831
col,1968,2179.516170056477
col,1969,2174.7528799894844
col,1970,2170.0
col,1971,2160.2899487883
col,1972,2150.62334692892
col,1973,2141.0
col,1974,2131.297659272811
col,1975,2121.6392865117996
col,1976,2112.024682467929
col,1977,2102.453648795095
col,1978,2092.9259880460377
col,1979,2083.441503668265
col,1980,2074.0
col,1981,2063.2231457525518
col,1982,2052.5022898597185
col,1983,2041.8371413445925
col,1984,2031.2274107422315
col,1985,2020.6728100918021
col,1986,2010.1730529287643
col,1987,1999.7278542770955
col,1988,1989.3369306415573
col,1989,1979.0
col,1990,1969.0
col,1991,1958.9744766075949
col,1992,1949.0
col,1993,1961.9569312296335
col,1994,1975.0
col,1995,1970.232767118925
col,1996,1965.4770413311878
col,1997,1960.7327948610955
col,1998,1956.0
col,1999,1956.0
col,2000,1956.0
col,2001,1956.0
col,2002,2032.288623742382
col,2003,2016.2487367446968
col,2004,2004.2563607523357
col,2005,2013.9286609635826
col,2006,2037.6602815248182
col,2007,2061.6715494367168
col,2008,2085.9657599921775
col,2009,2051.219176230017
col,2010,2045.4346121151216
col,2011,2029.6956226286218
col,2012,2016.91606511415
col,2013,2011.7548556549825
col,2014,2004.7930598198523
col,2015,1997.0325109823623
col,2016,1989.1789696608173
col,2017,1974.231456035449
col,2018,1968.3672617956981
col,2019,1968.3672617956981
cri,1987,2371.7446315544225
cri,1988,2351.5655804484873
cri,1989,2313.1027720830734
cri,1990,2363.5394623630914
cri,1991,2278.2587941721786
cri,1992,2364.5489356983035
cri,1993,2352.418340407339
cri,1994,2376.106709323876
cri,1995,2350.7130097842305
cri,1996,2392.5721175027975
cri,1997,2371.2122830114704
cri,1998,2362.283653415263
cri,1999,2376.1733986910986
cri,2000,2367.584394319801
cri,2001,2335.043293814926
cri,2002,2362.6960942788314
cri,2003,2356.134889883384
cri,2004,2375.4022113265487
cri,2005,2357.8463972088693
cri,2006,2365.6130710855386
cri,2007,2392.5747525443153
cri,2008,2397.8833765096315
cri,2009,2354.243105584855
cri,2010,2249.2659794274505
cri,2011,2289.8875657724866
cri,2012,2242.5993149523083
cri,2013,2156.557737283507
cri,2014,2135.533113218165
cri,2015,2156.910504337614
cri,2016,2212.383720163131
cri,2017,2185.282478193936
cri,2018,2127.988445651454
cri,2019,2069.2454565536823
cyp,1995,1899.5674798945731
cyp,1996,1898.5345030419146
cyp,1997,1906.277352754485
cyp,1998,1912.5419380303929
cyp,1999,1919.7099857899498
cyp,2000,1926.3915364086924
cyp,2001,1950.8940510619773
cyp,2002,1923.207432226622
cyp,2003,1916.0418688071506
cyp,2004,1878.5752665365799
cyp,2005,1847.303934945151
cyp,2006,1832.9216342933692
cyp,2007,1862.0606495972088
cyp,2008,1867.7182721617805
cyp,2009,1847.103854920226
cyp,2010,1844.9967991333037
cyp,2011,1847.2744683985661
cyp,2012,1845.2687049718693
cyp,2013,1810.2790885802883
cyp,2014,1815.434357887785
cyp,2015,1824.3308409189424
cyp,2016,1839.6753902306439
cyp,2017,1821.4826467407336
cyp,2018,1809.5832841459096
cyp,2019,1805.2397848231658
cze,1993,1856.9035917678768
cze,1994,1838.9045860318583
cze,1995,1857.9025920862437
cze,1996,1852.5774602054953
cze,1997,1857.7622797532963
cze,1998,1877.4182790523985
cze,1999,1893.5347062065025
cze,2000,1895.5621545312738
cze,2001,1818.3156947748735
cze,2002,1816.5701888750134
cze,2003,1806.2239823400287
cze,2004,1817.0610637227187
cze,2005,1816.9882420814847
cze,2006,1799.1667635468575
cze,2007,1784.3644588603493
cze,2008,1789.5405143656517
cze,2009,1778.7669517230581
cze,2010,1799.5005180691446
cze,2011,1805.623344383992
cze,2012,1776.1243686594453
cze,2013,1763.004804238594
cze,2014,1776.73758115628
cze,2015,1756.1609522357587
cze,2016,1778.525539957829
cze,2017,1784.3711946487992
cze,2018,1786.6891098757503
cze,2019,1787.5434016638376
deu,1950,2428.2794482601266
deu,1951,2402.437049303574
deu,1952,2376.869672064274
deu,1953,2351.574389687599
deu,1954,2326.548306467292
deu,1955,2301.7885575139753
deu,1956,2277.2923084271893
deu,1957,2253.0567549709217
deu,1958,2229.07912275259
deu,1959,2205.3566669054394
deu,1960,2181.88667177432
deu,1961,2155.2598478780305
deu,1962,2118.1436691135063
deu,1963,2087.6841963230545
deu,1964,2099.182143005543
deu,1965,2084.96099842457
deu,1966,2058.636752072557
deu,1967,2020.9154182194814
deu,1968,2008.4088797227394
deu,1969,1988.6404801633735
deu,1970,1973.2090254052969
deu,1971,1941.236664893465
deu,1972,1916.1227287185563
deu,1973,1885.5623967466793
deu,1974,1852.278866876318
deu,1975,1812.5403493947351
deu,1976,1824.9460287100517
deu,1977,1806.8871895034652
deu,1978,1787.8250814520682
deu,1979,1775.785855314344
deu,1980,1756.723747262947
deu,1981,1734.6518326771188
deu,1982,1723.615875384205
deu,1983,1710.5733804016704
deu,1984,1699.5374231087562
deu,1985,1676.4622396781178
deu,1986,1657.4001316267208
deu,1987,1634.3249481960825
deu,1988,1629.3086039720306
deu,1989,1606.233420541392
deu,1990,1583.1582371107534
deu,1991,1554.0634406112526
deu,1992,1565.0938477580814
deu,1993,1540.184348836595
deu,1994,1536.5769951688271
deu,1995,1530.5714736344041
deu,1996,1516.7511890059648
deu,1997,1507.6761303890642
deu,1998,1504.5590336407327
deu,1999,1491.5132924335378
deu,2000,1465.9378049085587
deu,2001,1458.1650317368724
deu,2002,1448.923511319518
deu,2003,1443.408007747789
deu,2004,1442.5842182815913
deu,2005,1432.423494696141
deu,2006,1453.1885339057962
deu,2007,1454.0872069924512
deu,2008,1447.3284685831823
deu,2009,1405.0558638730656
deu,2010,1425.745468719548
deu,2011,1426.8967841324861
deu,2012,1407.982103334206
deu,2013,1396.4580873671782
deu,2014,1400.4119753751083
deu,2015,1400.7930986503409
deu,2016,1394.754323674264
deu,2017,1391.3397215693365
deu,2018,1389.9317786596514
deu,2019,1386.1968343796975
dnk,1950,2049.513861618163
dnk,1951,2035.0590612913495
dnk,1952,2020.7062077024436
dnk,1953,2006.4545818420409
dnk,1954,1992.303469771763
dnk,1955,1978.2521625884922
dnk,1956,1964.2999563888588
dnk,1957,1950.446152233979
dnk,1958,1936.6900561144416
dnk,1959,1923.030978915541
dnk,1960,1909.4682363827562
dnk,1961,1921.4111905547893
dnk,1962,1933.4288430913396
dnk,1963,1945.5216612005684
dnk,1964,1957.690115012836
dnk,1965,1969.9346775989789
dnk,1966,1982.2558249887006
dnk,1967,1953.6618275132346
dnk,1968,1909.1918314394443
dnk,1969,1869.701834925975
dnk,1970,1845.3498370759871
dnk,1971,1809.7368402202217
dnk,1972,1751.8478453311805
dnk,1973,1709.5088490692463
dnk,1974,1691.491850659948
dnk,1975,1616.5078572802067
dnk,1976,1623.5383086818533
dnk,1977,1598.4268222373637
dnk,1978,1575.1555203735686
dnk,1979,1563.8428151287078
dnk,1980,1577.4359504460808
dnk,1981,1546.3958542023458
dnk,1982,1552.8432760201374
dnk,1983,1545.9577289347853
dnk,1984,1540.8368585325666
dnk,1985,1527.466410674264
dnk,1986,1530.9511214557765
dnk,1987,1493.0265176090275
dnk,1988,1471.169687605984
dnk,1989,1454.9504389048927
dnk,1990,1440.4997551336514
dnk,1991,1437.3112929071435
dnk,1992,1452.3665974871208
dnk,1993,1448.9191758863465
dnk,1994,1406.66186407378
dnk,1995,1419.1434215664506
dnk,1996,1412.2639757085942
dnk,1997,1428.0894549098496
dnk,1998,1441.134979278203
dnk,1999,1456.4972557107178
dnk,2000,1465.937244796109
dnk,2001,1468.677110624733
dnk,2002,1462.5845844407731
dnk,2003,1457.8290105667627
dnk,2004,1458.0755425177194
dnk,2005,1451.3639172738901
dnk,2006,1455.7018067844017
dnk,2007,1432.7697679928308
dnk,2008,1430.0546003047302
dnk,2009,1417.0283952563632
dnk,2010,1422.3063568471873
dnk,2011,1436.9801516527132
dnk,2012,1423.347826558383
dnk,2013,1425.6351214574897
dnk,2014,1413.8082286033734
dnk,2015,1407.148108872393
dnk,2016,1412.0457508387076
dnk,2017,1405.4040179335364
dnk,2018,1381.9294509892588
dnk,2019,1380.607643405578
dom,1990,2171.7024593572473
dom,1991,2169.499610789051
dom,1992,2140.259332938326
dom,1993,2233.4862875930166
dom,1994,2215.70121281645
dom,1995,2234.447964289762
dom,1996,2206.3308965380866
dom,1997,2223.5127274146594
dom,1998,2283.071978329952
dom,1999,2303.4559445520167
dom,2000,2206.5668952876836
dom,2001,2187.599977402146
dom,2002,2137.661492193527
dom,2003,2130.040850070002
dom,2004,2151.756074508094
dom,2005,2153.1879973701652
dom,2006,2123.3628783120903
dom,2007,2132.8593206020787
dom,2008,2131.666366233813
dom,2009,2131.330573974492
dom,2010,2114.7668591411984
dom,2011,2107.8098684810147
dom,2012,2114.4988337181603
dom,2013,2122.628090658951
dom,2014,2181.510985367972
dom,2015,2156.59748559201
dom,2016,2142.102010240095
dom,2017,2142.102010240095
dom,2018,2142.102010240095
dom,2019,2142.102010240095
ecu,1995,1943.0
ecu,1996,1936.3103274872917
ecu,1997,1929.643687253702
ecu,1998,1923.0
ecu,1999,1788.7038175311482
ecu,2000,1800.2263417949607
ecu,2001,1811.8230921906286
ecu,2002,1823.4945468702062
ecu,2003,1835.2411870659225
ecu,2004,1782.7158634947552
ecu,2005,1808.505787175782
ecu,2006,1772.7480687027137
ecu,2007,1729.0538822967535
ecu,2008,1758.100937589235
ecu,2009,1734.4746501485454
ecu,2010,1719.4629336059002
ecu,2011,1699.5295849785161
ecu,2012,1664.7306345014988
ecu,2013,1661.2454189245402
ecu,2014,1649.2661782849434
ecu,2015,1620.1981880313347
ecu,2016,1572.3125112334174
ecu,2017,1566.3595808466214
ecu,2018,1568.140273511863
ecu,2019,1551.6428094896633
esp,1950,2209.257148695539
esp,1951,2205.0786032495457
esp,1952,2201.0160316670763
esp,1953,2197.0557747285584
esp,1954,2214.1141206567286
esp,1955,2196.024463338667
esp,1956,2179.888705477946
esp,1957,2164.8122727983127
esp,1958,2150.180050868489
esp,1959,2139.628331773751
esp,1960,2130.3740283524685
esp,1961,2112.1173680536886
esp,1962,2094.9130941626318
esp,1963,2077.9846098021853
esp,1964,2032.2558304398954
esp,1965,2024.5305290937238
esp,1966,2025.9194291670867
esp,1967,2034.7692098572504
esp,1968,1997.0129985479712
esp,1969,1988.7646358668735
esp,1970,1996.7204568679551
esp,1971,1996.836456894497
esp,1972,1992.6924559463116
esp,1973,1980.854453237668
esp,1974,1987.0274546501073
esp,1975,1996.8554568988445
esp,1976,2006.9664592123345
esp,1977,2000.7764577960054
esp,1978,1973.552451566903
esp,1979,1929.8564415688552
esp,1980,1918.122438884008
esp,1981,1884.020431081156
esp,1982,1862.9254262544255
esp,1983,1830.7574188940905
esp,1984,1786.692408811612
esp,1985,1776.7004065253504
esp,1986,1768.667404687326
esp,1987,1760.6494028527336
esp,1988,1756.5784019212515
esp,1989,1744.5603991714222
esp,1990,1746.5283996217188
esp,1991,1755.5294016812306
esp,1992,1747.5653998589942
esp,1993,1739.5523980255455
esp,1994,1738.5073977864402
esp,1995,1738.796397852566
esp,1996,1740.339289270777
esp,1997,1742.6367719153895
esp,1998,1751.1058706062418
esp,1999,1756.2737336801497
esp,2000,1752.820758387454
esp,2001,1762.0697833549825
esp,2002,1763.6474183052765
esp,2003,1754.6331701272568
esp,2004,1739.901200090972
esp,2005,1723.7191693225877
esp,2006,1713.7406336685794
esp,2007,1701.3077976668399
esp,2008,1710.1262024617738
esp,2009,1715.8045586198211
esp,2010,1705.7755345818443
esp,2011,1710.6916594777706
esp,2012,1696.7266181136667
esp,2013,1689.8244096434269
esp,2014,1690.5639965087253
esp,2015,1694.2371882233329
esp,2016,1701.4500619526193
esp,2017,1689.476219704042
esp,2018,1695.5010168191475
esp,2019,1685.9515055771453
est,1995,1983.2291416997448
est,1996,1982.2822596246945
est,1997,1980.5513646261002
est,1998,1980.1614480227793
est,1999,1977.344912501444
est,2000,1977.8728856996413
est,2001,1970.4960924226978
est,2002,1972.6898895497027
est,2003,1978.3347196805855
est,2004,1986.4606647736762
est,2005,2008.3733463988242
est,2006,2000.9903456867019
est,2007,1998.4846129934722
est,2008,1967.7698177853915
est,2009,1832.1401318071453
est,2010,1874.7016967706622
est,2011,1918.86301369863
est,2012,1885.686604886268
est,2013,1865.8429023131969
est,2014,1859.4318744838977
est,2015,1851.6166318831274
est,2016,1855.1992956619176
est,2017,1856.6827747466875
est,2018,1810.378752886836
est,2019,1797.2145355025086
fin,1950,2024.5500270612092
fin,1951,2025.1461554829502
fin,1952,2025.7424594346066
fin,1953,2026.3389389678634
fin,1954,2026.9355941344204
fin,1955,2027.5324249859927
fin,1956,2028.129431574311
fin,1957,2028.7266139511207
fin,1958,2029.323972168183
fin,1959,2029.9215062772737
fin,1960,2030.5192163301858
fin,1961,2029.4869238968708
fin,1962,2022.2608768636674
fin,1963,2019.1639995637229
fin,1964,2043.9390179632776
fin,1965,2043.9390179632776
fin,1966,2020.1962919970374
fin,1967,2002.6473206306862
fin,1968,1987.1629341309647
fin,1969,1968.5816703312987
fin,1970,1979.9368870977614
fin,1971,1944.356889126645
fin,1972,1928.6588900217946
fin,1973,1912.9618909168871
fin,1974,1906.6828912749354
fin,1975,1899.14289170489
fin,1976,1896.1288918767575
fin,1977,1887.8368923495934
fin,1978,1893.2558920405852
fin,1979,1869.1428934155842
fin,1980,1790.008897928054
fin,1981,1783.7668834417207
fin,1982,1776.4013754816258
fin,1983,1766.1139508789427
fin,1984,1761.8672852290615
fin,1985,1755.874350729656
fin,1986,1739.292364990689
fin,1987,1746.2613184742083
fin,1988,1749.90811450974
fin,1989,1750.0302822303872
fin,1990,1726.421973748177
fin,1991,1707.337993738474
fin,1992,1706.447314002114
fin,1993,1705.865145531666
fin,1994,1726.8401486988848
fin,1995,1732.4525185796863
fin,1996,1730.976833054693
fin,1997,1726.785549293172
fin,1998,1716.5051182172297
fin,1999,1716.14964718413
fin,2000,1704.7134533437688
fin,2001,1689.9165061014771
fin,2002,1682.4987311791574
fin,2003,1676.4135021097047
fin,2004,1677.691500524659
fin,2005,1667.038736615817
fin,2006,1661.7432235026781
fin,2007,1658.0253285164158
fin,2008,1653.7998524329153
fin,2009,1632.5205195633116
fin,2010,1637.912374233375
fin,2011,1630.3018346813967
fin,2012,1619.733187277493
fin,2013,1612.173296014507
fin,2014,1609.5339905768699
fin,2015,1607.1400269434978
fin,2016,1606.3032502366677
fin,2017,1600.3200874385197
fin,2018,1597.730474848635
fin,2019,1590.6945380984491
fra,1950,2350.9596192230924
fra,1951,2360.515783052915
fra,1952,2338.8275198703996
fra,1953,2313.3122109863307
fra,1954,2316.427557178356
fra,1955,2292.047702913501
fra,1956,2236.061322864384
fra,1957,2199.6051684174186
fra,1958,2179.393316195373
fra,1959,2179.2483721854965
fra,1960,2188.477149803999
fra,1961,2165.189575577066
fra,1962,2177.7688906552735
fra,1963,2159.3423245722174
fra,1964,2166.1525250060995
fra,1965,2153.158429808347
fra,1966,2144.5720216257964
fra,1967,2110.471647251372
fra,1968,2086.6022392741665
fra,1969,2011.9496980934723
fra,1970,1992.5079752298745
fra,1971,1989.7316959282778
fra,1972,1936.627697591312
fra,1973,1920.4269431474868
fra,1974,1888.4677733932053
fra,1975,1862.6045895044797
fra,1976,1888.8861637501134
fra,1977,1850.328210658758
fra,1978,1819.0271586188412
fra,1979,1815.5414411216611
fra,1980,1806.1337838434697
fra,1981,1785.5871871960385
fra,1982,1714.378401023063
fra,1983,1696.302622285008
fra,1984,1689.650159744409
fra,1985,1654.322052741584
fra,1986,1648.3516838518387
fra,1987,1659.3856647804537
fra,1988,1667.4075586446568
fra,1989,1651.266780529462
fra,1990,1644.8506685849695
fra,1991,1637.7817276028034
fra,1992,1635.152483324128
fra,1993,1626.685884777196
fra,1994,1623.233565417966
fra,1995,1601.2115880735885
fra,1996,1597.2815088944026
fra,1997,1595.6453282143304
fra,1998,1585.2896809121482
fra,1999,1578.3045097725087
fra,2000,1558.3388016561207
fra,2001,1537.956603773585
fra,2002,1503.8867346156794
fra,2003,1507.2567707335759
fra,2004,1530.8560116292415
fra,2005,1532.0759089700239
fra,2006,1515.0112000601346
fra,2007,1536.8155008891524
fra,2008,1542.7960853698994
fra,2009,1531.451172676088
fra,2010,1539.8030619086642
fra,2011,1546.3311889973381
fra,2012,1540.8806190125276
fra,2013,1526.2420007355645
fra,2014,1518.1110338772226
fra,2015,1519.484356175386
fra,2016,1522.06935829071
fra,2017,1505.3678615042022
fra,2018,1495.4579213203385
fra,2019,1504.912352837814
gbr,1950,2183.943622254046
gbr,1951,2192.6638470979
gbr,1952,2160.858560183594
gbr,1953,2164.7798893995982
gbr,1954,2168.9310029005524
gbr,1955,2167.3629520402524
gbr,1956,2153.77959805635
gbr,1957,2132.2523181112133
gbr,1958,2102.453274417227
gbr,1959,2112.238030848167
gbr,1960,2103.5836583496784
gbr,1961,2066.8111063219444
gbr,1962,2029.0447596219053
gbr,1963,2020.5966819849405
gbr,1964,2020.833649721053
gbr,1965,1997.5679558788443
gbr,1966,1941.6097513129469
gbr,1967,1929.527471747037
gbr,1968,1922.201533539581
gbr,1969,1912.6047826343597
gbr,1970,1870.8944071238366
gbr,1971,1830.1424082915082
gbr,1972,1851.366498164102
gbr,1973,1860.2523532946127
gbr,1974,1845.2970025070667
gbr,1975,1814.0795925120067
gbr,1976,1807.0241265230372
gbr,1977,1816.9293401588136
gbr,1978,1818.037470303431
gbr,1979,1815.4929996725575
gbr,1980,1785.3963824804425
gbr,1981,1749.1199345067541
gbr,1982,1745.4192457438703
gbr,1983,1739.5484800370132
gbr,1984,1745.752522133004
gbr,1985,1748.0817322354376
gbr,1986,1742.7367782997426
gbr,1987,1747.566737655391
gbr,1988,1754.7257383966244
gbr,1989,1758.5569419131734
gbr,1990,1745.9440852211937
gbr,1991,1720.5465838509315
gbr,1992,1714.3304620203603
gbr,1993,1710.316072363676
gbr,1994,1720.5904840322296
gbr,1995,1722.6252493367158
gbr,1996,1722.0924989687157
gbr,1997,1721.1954421646892
gbr,1998,1716.999440194066
gbr,1999,1708.6103928370956
gbr,2000,1692.953954190696
gbr,2001,1695.9764722863742
gbr,2002,1678.5613956609259
gbr,2003,1669.3803428267709
gbr,2004,1666.7157378198388
gbr,2005,1669.7371727657953
gbr,2006,1663.9857229882195
gbr,2007,1665.8213629246375
gbr,2008,1660.468805373205
gbr,2009,1638.3317327479765
gbr,2010,1643.2078279761192
gbr,2011,1639.8158470270866
gbr,2012,1655.0190254907902
gbr,2013,1665.97488620572
gbr,2014,1672.4340318988084
gbr,2015,1669.4651547479202
gbr,2016,1667.6988989871943
gbr,2017,1668.9490594877873
gbr,2018,1663.1888838367101
gbr,2019,1667.9477114219292
grc,1951,2312.551344902273
grc,1952,2302.988143401965
grc,1953,2293.464489055123
grc,1954,2283.980218320558
grc,1955,2274.53516833338
grc,1956,2265.1291769022023
grc,1957,2255.762082506355
grc,1958,2246.433724293113
grc,1959,2237.143942074932
grc,1960,2227.8925763267002
grc,1961,2217.990719519792
grc,1962,2208.1328714632455
grc,1963,2198.318836560402
grc,1964,2188.548420083931
grc,1965,2178.821428171966
grc,1966,2169.1376678242596
grc,1967,2159.4969468983522
grc,1968,2149.8990741057605
grc,1969,2140.3438590081823
grc,1970,2098.642727602328
grc,1971,2099.6047478699265
grc,1972,2101.0935571344367
grc,1973,2102.54579634714
grc,1974,2103.959626463523
grc,1975,2105.3333459444807
grc,1976,2106.665396458827
grc,1977,2107.9543673747753
grc,1978,2109.609746787684
grc,1979,2111.049325251222
grc,1980,2111.699221382747
grc,1981,2111.7839285697414
grc,1982,2111.3944872242237
grc,1983,2108.8662537596265
grc,1984,2108.4954836262514
grc,1985,2107.4692134051193
grc,1986,2107.8125604544957
grc,1987,2110.0712505021993
grc,1988,2107.2548232734885
grc,1989,2109.303995660558
grc,1990,2111.622917075572
grc,1991,2112.8908660002758
grc,1992,2112.8689640560146
grc,1993,2112.143821047202
grc,1994,2110.1988180569183
grc,1995,2110.7062944802396
grc,1996,2109.400482981905
grc,1997,2107.9447675407273
grc,1998,2108.434424646345
grc,1999,2104.8524085244576
grc,2000,2107.6384428641322
grc,2001,2101.130446032927
grc,2002,2093.2151483101015
grc,2003,2091.478708449
grc,2004,2082.5518180574227
grc,2005,2136.2390168005563
grc,2006,2125.3363740504806
grc,2007,2110.9885778518355
grc,2008,2106.260038382657
grc,2009,2081.2116380202942
grc,2010,2019.570798303255
grc,2011,2037.7003163069228
grc,2012,2055.374133420377
grc,2013,2059.2199033946936
grc,2014,2020.8816210803898
grc,2015,2031.1404415310874
grc,2016,2030.0903985520556
grc,2017,2045.241374320136
grc,2018,2044.4310059429797
grc,2019,2036.4635206703026
hkg,1960,2723.590919673137
hkg,1961,2703.40309552755
hkg,1962,2683.3649077465097
hkg,1963,2663.475247194063
hkg,1964,2643.7330129554016
hkg,1965,2624.1371122759297
hkg,1966,2604.6864605007754
hkg,1967,2585.379981014755
hkg,1968,2566.216605182781
hkg,1969,2547.1952722907135
hkg,1970,2528.314929486646
hkg,1971,2527.0505596913617
hkg,1972,2525.4067852850185
hkg,1973,2523.827246025217
hkg,1974,2522.5491942869107
hkg,1975,2521.6772360723417
hkg,1976,2518.052230744302
hkg,1977,2507.4992247562855
hkg,1978,2497.36215940412
hkg,1979,2488.4109053842967
hkg,1980,2477.289018726588
hkg,1981,2466.156309287553
hkg,1982,2441.659912109749
hkg,1983,2410.825047869102
hkg,1984,2381.8462839464837
hkg,1985,2356.0827852171233
hkg,1986,2360.248653846954
hkg,1987,2324.3062864216995
hkg,1988,2372.4387373355253
hkg,1989,2314.0312771708377
hkg,1990,2278.521849344949
hkg,1991,2309.9045597901813
hkg,1992,2224.171365040353
hkg,1993,2287.959306215714
hkg,1994,2291.9283582165235
hkg,1995,2254.849753124249
hkg,1996,2304.267736155164
hkg,1997,2257.8131808888506
hkg,1998,2259.1527095241913
hkg,1999,2301.925696262188
hkg,2000,2330.667076330142
hkg,2001,2326.3577894835867
hkg,2002,2343.4307933146456
hkg,2003,2330.8987603005194
hkg,2004,2354.375078378426
hkg,2005,2346.386085388613
hkg,2006,2315.494958606379
hkg,2007,2327.7800560632004
hkg,2008,2277.0227989399477
hkg,2009,2251.9987809407794
hkg,2010,2302.0800185144344
hkg,2011,2256.894476847122
hkg,2012,2233.4591461994364
hkg,2013,2225.535761141366
hkg,2014,2175.430430139056
hkg,2015,2185.513767912028
hkg,2016,2176.5681363952413
hkg,2017,2147.5743617163166
hkg,2018,2147.5743617163166
hkg,2019,2147.5743617163166
hrv,1995,1923.6867952446553
hrv,1996,1923.6843112488998
hrv,1997,1923.7461304253666
hrv,1998,1923.679572968279
hrv,1999,1923.6516588585216
hrv,2000,1922.0885356097685
hrv,2001,1923.3796385619653
hrv,2002,1923.6532539323264
hrv,2003,1924.7345074935142
hrv,2004,1926.561131195479
hrv,2005,1926.504839546884
hrv,2006,1928.6444952227603
hrv,2007,1930.661395092616
hrv,2008,1932.2053610054552
hrv,2009,1928.8947383317766
hrv,2010,1942.9881528017977
hrv,2011,1940.264420135575
hrv,2012,1923.78467924672
hrv,2013,1909.4726205997392
hrv,2014,1891.6151848583165
hrv,2015,1827.6509949265956
hrv,2016,1834.909736682487
hrv,2017,1823.7675980935016
hrv,2018,1810.8695782788684
hrv,2019,1831.3234100776526
hun,1980,2130.5763125244
hun,1981,2129.6052203126746
hun,1982,2039.2936446222602
hun,1983,2019.8718003877625
hun,1984,1949.9531611435707
hun,1985,1923.7336714269989
hun,1986,1914.993841521475
hun,1987,1957.72189883737
hun,1988,1951.8953455670207
hun,1989,1927.6180402738987
hun,1990,1888.7743518049033
hun,1991,1857.699401029707
hun,1992,1815.942435925537
hun,1993,1815.942435925537
hun,1994,1943.155515661497
hun,1995,1948.0109767201216
hun,1996,1945.9785478505921
hun,1997,1954.30461743582
hun,1998,1945.0613421222554
hun,1999,1952.4032573114714
hun,2000,1932.4020486804575
hun,2001,1897.7649634930297
hun,2002,1883.632296797132
hun,2003,1856.287437990536
hun,2004,1858.6111224841225
hun,2005,1834.0531807276263
hun,2006,1813.8796706959326
hun,2007,1787.7810262153762
hun,2008,1791.2379998371605
hun,2009,1758.2225050749994
hun,2010,1766.3568702628374
hun,2011,1753.6706494927341
hun,2012,1738.251804934114
hun,2013,1733.625204156743
hun,2014,1748.5514442893273
hun,2015,1745.9479826284146
hun,2016,1760.1550657956514
hun,2017,1747.35415208937
hun,2018,1728.8777696824238
hun,2019,1725.2279648069123
idn,1970,1893.4952096002207
idn,1971,1892.7326892219914
idn,1972,1918.5746401079289
idn,1973,1925.8982005827136
idn,1974,1920.83298828627
idn,1975,1900.5018760837581
idn,1976,1862.2750748490098
idn,1977,1877.6820441851958
idn,1978,1981.1886578461151
idn,1979,1992.02028942601
idn,1980,2005.7330225315936
idn,1981,2035.1864396110634
idn,1982,2013.3235240624413
idn,1983,2050.5957502713086
idn,1984,2056.1161980170464
idn,1985,2029.4621820417537
idn,1986,1887.710425943843
idn,1987,1889.9427727245204
idn,1988,1886.1467790268466
idn,1989,1891.3355749888665
idn,1990,1909.30214737919
idn,1991,1928.3624623885376
idn,1992,1895.6202618413943
idn,1993,1897.3348695707073
idn,1994,1929.5097111514358
idn,1995,1927.9638771688926
idn,1996,1917.221616770231
idn,1997,1923.3959249696231
idn,1998,1956.4730131614504
idn,1999,1971.8928961473632
idn,2000,1979.115689908502
idn,2001,2021.0005551334152
idn,2002,1993.8692899931257
idn,2003,2020.799808756064
idn,2004,2046.9235958089262
idn,2005,2024.3790862938763
idn,2006,2039.5248046764514
idn,2007,2078.155326509979
idn,2008,2055.938029975037
idn,2009,2075.396019952208
idn,2010,2066.0006600269667
idn,2011,2034.8197960434175
idn,2012,2037.8955689199895
idn,2013,2034.999571305682
idn,2014,2017.97212114601
idn,2015,2024.286945218603
idn,2016,2014.5388863046935
idn,2017,2019.9233953950531
idn,2018,2019.9233953950531
idn,2019,2019.9233953950531
ind,1970,2077.33082405017
ind,1971,2077.0851414111407
ind,1972,2076.5603952365104
ind,1973,2074.8291584810345
ind,1974,2072.3656910449095
ind,1975,2069.956441544873
ind,1976,2067.1599924767106
ind,1977,2065.379531587401
ind,1978,2064.417785705916
ind,1979,2064.224594451335
ind,1980,2064.0279137743
ind,1981,2063.622973638231
ind,1982,2064.1530490527175
ind,1983,2065.1204736921923
ind,1984,2066.7083048096993
ind,1985,2068.6076371971785
ind,1986,2070.577818137597
ind,1987,2072.2705445191523
ind,1988,2075.077440122709
ind,1989,2078.1320423341776
ind,1990,2078.479486487483
ind,1991,2079.3041861083952
ind,1992,2076.9105199854293
ind,1993,2075.869279518232
ind,1994,2075.687322666135
ind,1995,2077.097147546153
ind,1996,2079.8303202854127
ind,1997,2079.3824646648277
ind,1998,2080.741175289057
ind,1999,2082.69378202302
ind,2000,2086.6283911409687
ind,2001,2086.772786502795
ind,2002,2088.893563136949
ind,2003,2091.9958655161618
ind,2004,2095.7782123748357
ind,2005,2096.9160870901915
ind,2006,2097.0965368183256
ind,2007,2098.1213308459937
ind,2008,2099.6330905812806
ind,2009,2103.536184909707
ind,2010,2110.3926759065434
ind,2011,2113.6245919229186
ind,2012,2115.7138643415865
ind,2013,2117.113316264548
ind,2014,2118.544710550508
ind,2015,2118.821494831491
ind,2016,2121.2430710754766
ind,2017,2122.9406824845937
ind,2018,2122.9406824845937
ind,2019,2122.9406824845937
irl,1950,2419.411150044416
irl,1951,2407.57503697973
irl,1952,2395.7968279106
irl,1953,2384.0762395622137
irl,1954,2372.4129900455814
irl,1955,2360.8067988507555
irl,1956,2349.2573868400837
irl,1957,2337.7644762414952
irl,1958,2326.3277906418225
irl,1959,2314.9470549801504
irl,1960,2303.6219955412025
irl,1961,2306.615741512754
irl,1962,2309.6133781030617
irl,1963,2312.6149103683038
irl,1964,2315.62034337123
irl,1965,2318.629682181169
irl,1966,2321.6429318740375
irl,1967,2324.6600975323495
irl,1968,2327.681184245224
irl,1969,2330.7061971083926
irl,1970,2333.735141224209
irl,1971,2316.731129994578
irl,1972,2296.5879166918307
irl,1973,2284.031108399165
irl,1974,2247.6686843850152
irl,1975,2237.727877819946
irl,1976,2232.2342741919424
irl,1977,2202.6734546696453
irl,1978,2183.053441712417
irl,1979,2161.3406273730116
irl,1980,2122.100601458455
irl,1981,2090.70858072689
irl,1982,2083.3837758894183
irl,1983,2073.1813691516395
irl,1984,2055.130957230969
irl,1985,2062.194161895631
irl,1986,2096.725384700413
irl,1987,2076.0589710520458
irl,1988,2084.4301765805567
irl,1989,2091.7549814179283
irl,1990,2080.2445738163015
irl,1991,2045.1901506660008
irl,1992,1996.794118704705
irl,1993,1970.1109010828145
irl,1994,1970.3725012556242
irl,1995,1962.0012957271138
irl,1996,1953.5991921070602
irl,1997,1954.1941393221973
irl,1998,1953.1940435581212
irl,1999,1941.8828748344167
irl,2000,1932.7237881825688
irl,2001,1923.5293781239636
irl,2002,1904.276271339129
irl,2003,1886.7864348691303
irl,2004,1875.2559571863153
irl,2005,1883.193701268919
irl,2006,1878.8129566488067
irl,2007,1864.9322829648022
irl,2008,1843.8962075848303
irl,2009,1811.8029862915967
irl,2010,1720.9738165939793
irl,2011,1736.531497537855
irl,2012,1737.8612527431735
irl,2013,1743.4726353913131
irl,2014,1757.0305924874144
irl,2015,1770.5843075113862
irl,2016,1762.923210708126
irl,2017,1774.749783129833
irl,2018,1785.402162709535
irl,2019,1771.9779423072698
isl,1964,2115.840063840817
isl,1965,2092.802895840198
isl,1966,2080.627783284626
isl,1967,2045.2112299925147
isl,1968,1998.6008099696717
isl,1969,1970.4003303493243
isl,1970,1953.1528306253992
isl,1971,1915.1820816749068
isl,1972,1882.5275127102407
isl,1973,1865.3460820550615
isl,1974,1840.9304344693182
isl,1975,1816.484816206032
isl,1976,1789.325190435972
isl,1977,1747.7570329289933
isl,1978,1709.6962355755045
isl,1979,1696.9809671246014
isl,1980,1687.0227972265322
isl,1981,1680.6753805366095
isl,1982,1683.3799098906688
isl,1983,1683.3933918134112
isl,1984,1681.5780651143464
isl,1985,1680.6814801225862
isl,1986,1673.451638376434
isl,1987,1671.6102650590037
isl,1988,1678.8576872565661
isl,1989,1674.361727428093
isl,1990,1664.4016373095014
isl,1991,1667.9596224921856
isl,1992,1667.9596224921856
isl,1993,1682.918901617676
isl,1994,1654.6624854917495
isl,1995,1641.3653484913136
isl,1996,1658.817840804386
isl,1997,1683.7499726802034
isl,1998,1664.6353382420766
isl,1999,1644.6896327414227
isl,2000,1695.3849675555848
isl,2001,1706.188891368439
isl,2002,1672.114977804822
isl,2003,1638.8721353037322
isl,2004,1645.5207038039503
isl,2005,1637.209993178678
isl,2006,1627.237140428351
isl,2007,1605.6292928026428
isl,2008,1607.2914349276973
isl,2009,1512.2565033272836
isl,2010,1503.0514705882354
isl,2011,1511.830303030303
isl,2012,1497.8881618084474
isl,2013,1499.773387565369
isl,2014,1488.4912081678956
isl,2015,1486.4057331863285
isl,2016,1473.9926160337552
isl,2017,1464.4534412955466
isl,2018,1449.3952802359881
isl,2019,1454.494825036964
isr,1981,1966.0330345864472
isr,1982,1941.7610218137722
isr,1983,1928.6136815619075
isr,1984,1931.6476831584994
isr,1985,1931.6476831584994
isr,1986,1926.5910138308527
isr,1987,1920.5230106376891
isr,1988,1878.0469882855123
isr,1989,1909.3983381168784
isr,1990,1904.3416687892422
isr,1991,1897.262331730541
isr,1992,1950.863026603528
isr,1993,1952.8856943345825
isr,1994,1993.3390489557046
isr,1995,2017.6110617283798
isr,1996,2035.5390731968414
isr,1997,2040.4976855720317
isr,1998,2015.4592476719126
isr,1999,2023.338481730948
isr,2000,2034.7420890903306
isr,2001,1998.0147343908382
isr,2002,2015.5543078582343
isr,2003,1996.8780879900576
isr,2004,1973.2894869165898
isr,2005,1965.095726015966
isr,2006,1951.7192462918179
isr,2007,1964.794855827801
isr,2008,1960.6503677483668
isr,2009,1962.0276896023418
isr,2010,1956.2671855507206
isr,2011,1946.813034394237
isr,2012,1918.910439563565
isr,2013,1908.5974176846246
isr,2014,1894.1754213606525
isr,2015,1895.9094241220773
isr,2016,1921.1909806829638
isr,2017,1920.532508115809
isr,2018,1912.892321280929
isr,2019,1900.874778819607
ita,1950,2099.5304837022677
ita,1951,2105.9594897776433
ita,1952,2112.408182215964
ita,1953,2118.8766212991595
ita,1954,2125.364867493748
ita,1955,2131.872981451404
ita,1956,2138.401024009525
ita,1957,2144.9490561917983
ita,1958,2151.517139208774
ita,1959,2158.105334458436
ita,1960,2164.7137035267747
ita,1961,2148.0321997267347
ita,1962,2098.9479680413715
ita,1963,2084.208612685918
ita,1964,2078.0772958097614
ita,1965,2020.4867754004515
ita,1966,2039.1219064702043
ita,1967,2063.561779052556
ita,1968,2057.12186659667
ita,1969,2056.003532271113
ita,1970,2034.7423330122904
ita,1971,1982.4567400498458
ita,1972,1963.6631717792213
ita,1973,1947.480475852134
ita,1974,1917.0175348588557
ita,1975,1901.552579304698
ita,1976,1899.4646730841955
ita,1977,1864.7463767819902
ita,1978,1854.7400730313586
ita,1979,1848.2283483652768
ita,1980,1849.2610584820998
ita,1981,1852.643336181761
ita,1982,1862.8739519548897
ita,1983,1867.663349478232
ita,1984,1856.6703849427547
ita,1985,1850.5262185480026
ita,1986,1863.0144056620961
ita,1987,1877.6406194707943
ita,1988,1885.3231283076911
ita,1989,1873.100765639861
ita,1990,1856.4013585581804
ita,1991,1847.4683131315237
ita,1992,1850.497410937553
ita,1993,1850.6401796663417
ita,1994,1850.3267706602016
ita,1995,1856.2128943332846
ita,1996,1866.151755985593
ita,1997,1859.8638982085206
ita,1998,1873.1329281065643
ita,1999,1869.8780180028602
ita,2000,1850.1979712183982
ita,2001,1837.6362165154806
ita,2002,1826.1900952444776
ita,2003,1815.103813227002
ita,2004,1814.6155424173173
ita,2005,1811.1017184261632
ita,2006,1811.8516147617065
ita,2007,1817.7074408384578
ita,2008,1806.5393912388554
ita,2009,1775.1696349100707
ita,2010,1776.7732459609085
ita,2011,1772.557374938128
ita,2012,1733.6422732078152
ita,2013,1719.0903002613113
ita,2014,1716.3411790305165
ita,2015,1717.4689796950588
ita,2016,1721.697513350799
ita,2017,1719.1592908032762
ita,2018,1722.3184557044942
ita,2019,1717.8338176527566
jam,1986,1864.8246322048867
jam,1987,1893.6748517606356
jam,1988,1914.996896340259
jam,1989,1972.9107809054408
jam,1990,1938.222785563002
jam,1991,1947.9749154873257
jam,1992,1963.452504131622
jam,1993,1951.1326484494298
jam,1994,1958.8782166560031
jam,1995,1948.5249909523184
jam,1996,1969.2647120222023
jam,1997,1963.9473525315382
jam,1998,1999.2107457890293
jam,1999,1983.4502748439056
jam,2000,1963.4492683063088
jam,2001,1970.63687961104
jam,2002,1965.5663736777767
jpn,1950,2030.4137567657533
jpn,1951,2012.9906864015945
jpn,1952,1995.7171241758153
jpn,1953,1978.5917871524596
jpn,1954,2008.9453999468922
jpn,1955,2034.5163777633009
jpn,1956,2084.966797298438
jpn,1957,2108.0427864521494
jpn,1958,2133.1448065486875
jpn,1959,2156.2446448145356
jpn,1960,2172.8989326791393
jpn,1961,2175.313753199423
jpn,1962,2152.700040754562
jpn,1963,2146.327614817486
jpn,1964,2153.5291444085906
jpn,1965,2135.1222743113863
jpn,1966,2142.9473821835945
jpn,1967,2156.571117509962
jpn,1968,2160.3400313320585
jpn,1969,2147.0117768818495
jpn,1970,2137.217316397446
jpn,1971,2129.2954316070295
jpn,1972,2131.6647734032354
jpn,1973,2117.5442456874484
jpn,1974,2058.716300508002
jpn,1975,2030.2618730074612
jpn,1976,2057.4999942858867
jpn,1977,2064.0062837922883
jpn,1978,2067.987690657049
jpn,1979,2072.7030528158175
jpn,1980,2073.943760557551
jpn,1981,2068.8276275419466
jpn,1982,2068.6185422386548
jpn,1983,2074.8601641942337
jpn,1984,2089.279754212078
jpn,1985,2076.7673324168363
jpn,1986,2078.4952318609803
jpn,1987,2083.968170106206
jpn,1988,2080.437718372655
jpn,1989,2061.361691434056
jpn,1990,2028.41875
jpn,1991,2010.7418981481483
jpn,1992,1962.130555555555
jpn,1993,1926.7768518518515
jpn,1994,1909.1
jpn,1995,1911.6
jpn,1996,1914.8
jpn,1997,1887.1
jpn,1998,1866.5
jpn,1999,1850.9
jpn,2000,1858.5
jpn,2001,1843.1
jpn,2002,1830.6
jpn,2003,1834.2
jpn,2004,1841.9
jpn,2005,1828.2
jpn,2006,1836.4
jpn,2007,1826.9
jpn,2008,1807.7
jpn,2009,1757.7
jpn,2010,1779.3
jpn,2011,1775.3
jpn,2012,1786.8
jpn,2013,1766.5
jpn,2014,1762.1
jpn,2015,1756.9
jpn,2016,1747.1
jpn,2017,1743.7
jpn,2018,1729.0
jpn,2019,1691.0852595038518
khm,1993,2190.6436658187836
khm,1994,2160.6579436194734
khm,1995,2187.2813214689186
khm,1996,2191.9963317307006
khm,1997,2202.334572369303
khm,1998,2239.291354852258
khm,1999,2265.426807123825
khm,2000,2296.8908039997264
khm,2001,2321.056191082098
khm,2002,2367.16666726562
khm,2003,2366.4758395426625
khm,2004,2374.303917209448
khm,2005,2373.7580194034913
khm,2006,2374.135170125304
khm,2007,2380.886569997904
khm,2008,2382.5651461501598
khm,2009,2389.0846969485133
khm,2010,2390.162000619071
khm,2011,2408.06212706842
khm,2012,2414.252222231085
khm,2013,2423.9708212521255
khm,2014,2442.805337474536
khm,2015,2458.3091322667483
khm,2016,2467.9900520163737
khm,2017,2474.9118933530062
khm,2018,2474.9118933530062
khm,2019,2474.9118933530062
kor,1953,2484.4867731569875
kor,1954,2520.635206954234
kor,1955,2557.309588114176
kor,1956,2594.5175689912667
kor,1957,2632.266913279101
kor,1958,2670.565497630365
kor,1959,2709.4213133003495
kor,1960,2748.84246781438
kor,1961,2788.837186659506
kor,1962,2829.413815000804
kor,1963,2870.5808194226483
kor,1964,2779.9308988093017
kor,1965,2900.7974596270974
kor,1966,2882.6674755044282
kor,1967,2918.9274437497666
kor,1968,2973.317396117775
kor,1969,3039.7940045675623
kor,1970,2918.927443749766
kor,1971,2913.085126914007
kor,1972,2907.230374325146
kor,1973,2901.447749104614
kor,1974,2895.6477138296204
kor,1975,2889.8526528558873
kor,1976,2884.037694677111
kor,1977,2878.3147610717074
kor,1978,2872.5321358511756
kor,1979,2866.856458107797
kor,1980,2860.9420139037084
kor,1981,2876.9249301825603
kor,1982,2889.9110496590215
kor,1983,2907.8918304726676
kor,1984,2903.8961014029796
kor,1985,2878.922794717354
kor,1986,2907.891830472667
kor,1987,2876.9249301825603
kor,1988,2830.9740458809983
kor,1989,2728.084022336307
kor,1990,2674.1416798953687
kor,1991,2658.158763616517
kor,1992,2636.182253733183
kor,1993,2653.1641022794324
kor,1994,2637.18118600068
kor,1995,2645.1726441400565
kor,1996,2634.184389198389
kor,1997,2579.243114490054
kor,1998,2485.3434813521358
kor,1999,2492.336007224115
kor,2000,2509.317855770264
kor,2001,2496.3317362938033
kor,2002,2461.3691069339084
kor,2003,2421.4118162369286
kor,2004,2389.445983679424
kor,2005,2348.489760714948
kor,2006,2343.4950993778625
kor,2007,2303.537808680883
kor,2008,2216.630701414944
kor,2009,2167.461498843277
kor,2010,2153.4132477281046
kor,2011,2126.3198173404276
kor,2012,2110.264662509818
kor,2013,2100.230124034562
kor,2014,2070.312296310026
kor,2015,2077.2931006161734
kor,2016,2062.334165117327
kor,2017,2012.4712925821711
kor,2018,1987.5397228404936
kor,2019,1979.5262575735223
lka,1970,1895.5146728994016
lka,1971,1895.1641347854397
lka,1972,1894.9241890194205
lka,1973,1894.8061494387491
lka,1974,1894.7360874055037
lka,1975,1894.653746250148
lka,1976,1894.200852861226
lka,1977,1949.3335190896785
lka,1978,1953.1151934221193
lka,1979,1956.9513129093443
lka,1980,1960.8510887696164
lka,1981,1968.473708892743
lka,1982,1972.9618021251092
lka,1983,1986.3511668708747
lka,1984,1966.2671246049613
lka,1985,1893.413244906787
lka,1986,1956.4220048388945
lka,1987,1962.995659623616
lka,1988,1969.518013905583
lka,1989,1976.1237375119
lka,1990,1982.901631295572
lka,1991,1998.1084380769819
lka,1992,2001.6264204373174
lka,1993,2017.428409373196
lka,1994,1961.7677659484432
lka,1995,1943.484564954476
lka,1996,1936.9487235064923
lka,1997,1894.859848516285
lka,1998,1910.4877748884562
lka,1999,1932.7937171059293
lka,2000,2000.739618447685
lka,2001,1975.6602886809424
lka,2002,1812.2015836071232
lka,2003,1733.871344030947
lka,2004,1856.2976477985262
lka,2005,1887.6925692419436
lka,2006,1835.4295935105795
lka,2007,1861.2979803007322
lka,2008,1823.991013408579
lka,2009,1810.628695988401
lka,2010,1872.3361051309143
lka,2011,1993.6792829746607
lka,2012,2052.953277661584
lka,2013,1896.6603426330432
lka,2014,1926.3551158893936
lka,2015,1924.0124704762216
lka,2016,1922.4489904793638
lka,2017,1922.5131810600133
lka,2018,1922.5131810600133
lka,2019,1922.5131810600133
ltu,1995,1729.355843525398
ltu,1996,1727.0402062750914
ltu,1997,1732.69395478538
ltu,1998,1779.593816916488
ltu,1999,1726.0138625649165
ltu,2000,1846.227460173386
ltu,2001,1831.2193998469527
ltu,2002,1802.17110735079
ltu,2003,1785.8863303196301
ltu,2004,1878.5561307708674
ltu,2005,1878.9719297257727
ltu,2006,1874.210243881773
ltu,2007,1903.7567294518176
ltu,2008,1933.5715137193306
ltu,2009,1862.943692034242
ltu,2010,1921.489344656305
ltu,2011,1896.0464986574668
ltu,2012,1893.8207694713794
ltu,2013,1877.0927353097734
ltu,2014,1868.4878174162188
ltu,2015,1894.895365048124
ltu,2016,1918.8180234295837
ltu,2017,1876.4305487227307
ltu,2018,1884.4994929740694
ltu,2019,1886.0844737335428
lux,1970,1845.833713287276
lux,1971,1842.3224949355324
lux,1972,1821.7403011251538
lux,1973,1792.479635199915
lux,1974,1768.980802791348
lux,1975,1741.3528111552268
lux,1976,1757.8203646200989
lux,1977,1732.7172308394086
lux,1978,1715.1167308538681
lux,1979,1698.506777999735
lux,1980,1682.2991800422926
lux,1981,1658.0498024237288
lux,1982,1640.409838038573
lux,1983,1634.7795178748472
lux,1984,1621.1935218815956
lux,1985,1634.8555178524334
lux,1986,1626.6585202698718
lux,1987,1624.8365208072114
lux,1988,1644.8745148976554
lux,1989,1633.944518121103
lux,1990,1633.944518121103
lux,1991,1616.6395232246498
lux,1992,1595.6915294025807
lux,1993,1602.067527522187
lux,1994,1581.119533700118
lux,1995,1592.6145303100418
lux,1996,1599.5625112754826
lux,1997,1598.0369917989879
lux,1998,1593.313552593088
lux,1999,1591.7570585420324
lux,2000,1602.2154894906266
lux,2001,1585.7199154515818
lux,2002,1580.682451253482
lux,2003,1578.9333333333334
lux,2004,1577.8783526503892
lux,2005,1549.8423738178037
lux,2006,1552.2755728058094
lux,2007,1566.295907660021
lux,2008,1566.969037944257
lux,2009,1516.4703217036702
lux,2010,1516.4979419290244
lux,2011,1515.0691592824724
lux,2012,1508.0867225826871
lux,2013,1502.6808609837594
lux,2014,1506.1573430988763
lux,2015,1513.6757608588593
lux,2016,1512.3855732689597
lux,2017,1505.6897229091078
lux,2018,1505.7132670796382
lux,2019,1505.5585420922482
lva,1995,1975.9081477977616
lva,1996,1975.8959117345194
lva,1997,1975.9168466412143
lva,1998,1975.9045799174012
lva,1999,1975.9007029876977
lva,2000,1975.7949095475753
lva,2001,1987.1439224459357
lva,2002,1937.8738239247311
lva,2003,1927.7340652001503
lva,2004,1878.3941621036413
lva,2005,1905.5120466388073
lva,2006,1906.8286257866237
lva,2007,1878.2091403761033
lva,2008,2002.249139867497
lva,2009,1952.2241402204222
lva,2010,1935.135327382011
lva,2011,1951.8978767139286
lva,2012,1934.2838723046636
lva,2013,1927.7460810461048
lva,2014,1938.4757537387495
lva,2015,1901.7412823397076
lva,2016,1902.4856143517998
lva,2017,1886.5100057562727
lva,2018,1899.5945480599403
lva,2019,1864.9758212439554
mex,1950,2274.844488188977
mex,1951,2274.421693813635
mex,1952,2273.9989780173278
mex,1953,2273.5763407854506
mex,1954,2273.153782103402
mex,1955,2272.731301956583
mex,1956,2272.3089003303976
mex,1957,2271.8865772102517
mex,1958,2271.4643325815546
mex,1959,2271.0421664297182
mex,1960,2270.620078740157
mex,1961,2261.5888776829674
mex,1962,2252.593597471057
mex,1963,2243.6340952322735
mex,1964,2234.710228662728
mex,1965,2225.8218560245323
mex,1966,2216.96883614355
mex,1967,2208.151028407152
mex,1968,2199.3682927619843
mex,1969,2190.6204897117436
mex,1970,2181.9074803149606
mex,1971,2180.1458878485782
mex,1972,2178.38571762766
mex,1973,2176.6269685039374
mex,1974,2175.115104108252
mex,1975,2173.6042898392
mex,1976,2172.094524967374
mex,1977,2170.585808763872
mex,1978,2169.0781405002995
mex,1979,2167.571519448767
mex,1980,2166.06594488189
mex,1981,2167.0030791189843
mex,1982,2167.9406188010653
mex,1983,2168.878564103546
mex,1984,2169.8169152019154
mex,1985,2170.7556722717386
mex,1986,2171.6948354886567
mex,1987,2172.6344050283865
mex,1988,2173.5743810667204
mex,1989,2174.5147637795276
mex,1990,2175.570866141732
mex,1991,2168.140166695734
mex,1992,2160.7348469305894
mex,1993,2153.354820161565
mex,1994,2146.0
mex,1995,2161.0
mex,1996,2192.0
mex,1997,2241.0
mex,1998,2168.0
mex,1999,2242.0
mex,2000,2174.0
mex,2001,2146.0
mex,2002,2196.0
mex,2003,2143.0
mex,2004,2123.0
mex,2005,2105.0
mex,2006,2067.0
mex,2007,2045.0
mex,2008,2105.0
mex,2009,1973.0
mex,2010,2150.0
mex,2011,2121.0
mex,2012,2120.0
mex,2013,2136.0
mex,2014,2134.0
mex,2015,2140.0
mex,2016,2146.0
mex,2017,2148.0
mex,2018,2149.0
mex,2019,2137.0
mlt,1994,2258.487712103907
mlt,1995,2257.2898935715857
mlt,1996,2250.385746118986
mlt,1997,2252.8649522550145
mlt,1998,2277.3826927495015
mlt,1999,2254.384001781923
mlt,2000,2251.181693989071
mlt,2001,2159.3368237347295
mlt,2002,2216.687863980186
mlt,2003,2191.667786587824
mlt,2004,2091.196358037089
mlt,2005,2157.9135263784215
mlt,2006,2162.855840010423
mlt,2007,2153.303599872571
mlt,2008,2162.9737790480926
mlt,2009,2168.4037267080744
mlt,2010,2110.202088039563
mlt,2011,2047.1711540742497
mlt,2012,2013.1894761135472
mlt,2013,1988.122498888395
mlt,2014,1943.177382773353
mlt,2015,1933.22856998023
mlt,2016,1985.7622010499708
mlt,2017,1897.1753699455762
mlt,2018,1913.2696796095904
mlt,2019,1915.4167168251674
mmr,1970,2446.715854101721
mmr,1971,2446.4273275870623
mmr,1972,2446.1603081531607
mmr,1973,2445.9138519435246
mmr,1974,2445.047525303822
mmr,1975,2444.1979075573886
mmr,1976,2442.771316555605
mmr,1977,2441.439566453279
mmr,1978,2440.194592306818
mmr,1979,2439.0304738740015
mmr,1980,2437.940355506941
mmr,1981,2436.815665210236
mmr,1982,2435.7341909835736
mmr,1983,2434.6897659754623
mmr,1984,2435.039150110025
mmr,1985,2435.4049464317045
mmr,1986,2436.229050828116
mmr,1987,2437.049498028754
mmr,1988,2437.8685149274284
mmr,1989,2438.6886066322954
mmr,1990,2439.5107528969124
mmr,1991,2440.863912591651
mmr,1992,2441.4760345631375
mmr,1993,2442.0807925397366
mmr,1994,2442.673742715291
mmr,1995,2443.2498126732216
mmr,1996,2443.663524813045
mmr,1997,2444.011307502914
mmr,1998,2444.3064807960764
mmr,1999,2444.55895381131
mmr,2000,2444.7749264835556
mmr,2001,2444.778379167862
mmr,2002,2444.787784349594
mmr,2003,2444.793022024039
mmr,2004,2444.7821827420903
mmr,2005,2444.7424064158813
mmr,2006,2444.4125097482442
mmr,2007,2444.0633356461685
mmr,2008,2443.685577504307
mmr,2009,2443.266459583228
mmr,2010,2442.7846442405735
mmr,2011,2443.070801518052
mmr,2012,2443.3511409249613
mmr,2013,2443.6083601084774
mmr,2014,2443.8050772634515
mmr,2015,2445.985344973639
mmr,2016,2445.278094739279
mmr,2017,2447.0576594937015
mmr,2018,2447.0576594937015
mmr,2019,2447.0576594937015
mys,1970,2229.7558347289964
mys,1971,2230.7050504050044
mys,1972,2231.551913015933
mys,1973,2232.3187826852704
mys,1974,2233.0057244701275
mys,1975,2233.593439573402
mys,1976,2234.521458473064
mys,1977,2235.3314287718867
mys,1978,2236.031204343551
mys,1979,2236.6366942525865
mys,1980,2237.1547820458177
mys,1981,2237.764776200775
mys,1982,2237.9916811696735
mys,1983,2237.750606674463
mys,1984,2238.6613648503653
mys,1985,2238.463615184814
mys,1986,2236.730169736611
mys,1987,2234.980233528616
mys,1988,2234.7629731231673
mys,1989,2238.72361568818
mys,1990,2240.6815661446753
mys,1991,2244.928408905676
mys,1992,2248.4296445991004
mys,1993,2249.3902190210524
mys,1994,2249.015947160266
mys,1995,2248.9042340962505
mys,1996,2250.0361345366064
mys,1997,2250.7687026052
mys,1998,2249.4649111840404
mys,1999,2248.56453399783
mys,2000,2247.291518973993
mys,2001,2247.7477710537337
mys,2002,2274.4313543864496
mys,2003,2265.1001215805445
mys,2004,2261.077383329368
mys,2005,2308.512092216074
mys,2006,2289.9543347058952
mys,2007,2266.090291324976
mys,2008,2239.417832081683
mys,2009,2244.530171299656
mys,2010,2227.762196837037
mys,2011,2225.799804313519
mys,2012,2204.287010894697
mys,2013,2170.119387365164
mys,2014,2180.2658314039113
mys,2015,2169.2875905471174
mys,2016,2190.4680656180767
mys,2017,2197.058086374001
mys,2018,2197.058086374001
mys,2019,2197.058086374001
nld,1950,1997.1255515965117
nld,1951,1982.4490169043308
nld,1952,1967.880337559751
nld,1953,1953.4187209522381
nld,1954,1939.0633802960172
nld,1955,1924.8135345872674
nld,1956,1910.6684085616318
nld,1957,1896.627232652039
nld,1958,1882.6892429468346
nld,1959,1868.8536811482204
nld,1960,1855.1197945309991
nld,1961,1853.4474723027574
nld,1962,1851.7766576114645
nld,1963,1850.1073490981316
nld,1964,1848.4395454049948
nld,1965,1846.7732451755137
nld,1966,1845.1084470543713
nld,1967,1843.4451496874722
nld,1968,1841.7833517219417
nld,1970,1838.464248589584
nld,1971,1804.9252440545777
nld,1972,1803.1752438179499
nld,1973,1776.7282402418948
nld,1974,1723.1632329990546
nld,1975,1669.9842258084075
nld,1976,1654.08522365861
nld,1977,1633.8272209194063
nld,1978,1605.2372170535834
nld,1979,1583.7712141510383
nld,1980,1580.8382137544502
nld,1981,1580.313213683462
nld,1982,1565.7872117193158
nld,1983,1550.8422096985141
nld,1984,1542.7102085989384
nld,1985,1526.2342063711208
nld,1986,1511.2732043481556
nld,1987,1489.9782014687328
nld,1988,1486.7662010344193
nld,1989,1482.0112003914676
nld,1990,1476.1851996036996
nld,1991,1467.0711983713418
nld,1992,1473.4851992386166
nld,1993,1463.1521978414307
nld,1994,1470.7961988750212
nld,1995,1481.5582003302147
nld,1996,1496.4504043126685
nld,1997,1481.9673117154812
nld,1998,1478.7218390804599
nld,1999,1477.174053382992
nld,2000,1464.061440936243
nld,2001,1454.0768495279071
nld,2002,1436.376646493414
nld,2003,1427.8278042959428
nld,2004,1447.8952323476162
nld,2005,1433.6118705035972
nld,2006,1430.447130618472
nld,2007,1429.172024623803
nld,2008,1428.5662366797533
nld,2009,1420.047064147528
nld,2010,1419.6334434445837
nld,2011,1420.1802371541503
nld,2012,1410.509788389725
nld,2013,1414.6989579754952
nld,2014,1425.5953008595989
nld,2015,1425.813578564941
nld,2016,1437.309404003131
nld,2017,1436.7656437697935
nld,2018,1436.4033631332481
nld,2019,1439.7315162907269
nor,1950,2129.1874661492
nor,1951,2118.405533580969
nor,1952,2107.67819933804
nor,1953,2097.005186941488
nor,1954,2086.3862213124416
nor,1955,2075.8210287649945
nor,1956,2065.3093369991498
nor,1957,2054.850875093803
nor,1958,2044.44537349976
nor,1959,2034.0925640327887
nor,1960,2023.7921798667078
nor,1961,2009.408821807579
nor,1962,1995.1276881720426
nor,1963,1986.1271121351763
nor,1964,1996.1277521761388
nor,1965,1951.124871991807
nor,1966,1952.1249359959033
nor,1967,1936.1239119303632
nor,1968,1897.121415770609
nor,1969,1849.1183435739886
nor,1970,1835.117447516641
nor,1971,1814.1161034306197
nor,1972,1781.113991295443
nor,1973,1767.1130952380952
nor,1974,1745.1116871479776
nor,1975,1728.110599078341
nor,1976,1674.4704570791528
nor,1977,1638.286334056399
nor,1978,1601.81236673774
nor,1979,1579.9158780231335
nor,1980,1580.082135523614
nor,1981,1570.1976685250886
nor,1982,1558.7639311043567
nor,1983,1552.791878172589
nor,1984,1548.3870967741937
nor,1985,1542.4227562530652
nor,1986,1538.4615384615386
nor,1987,1510.9353187529084
nor,1988,1513.3364529714554
nor,1989,1510.597302504817
nor,1990,1502.4295432458698
nor,1991,1500.4906771344456
nor,1992,1510.3244837758111
nor,1993,1506.588579795022
nor,1994,1504.5739046701974
nor,1995,1487.7358490566037
nor,1996,1482.200647249191
nor,1997,1477.5381850853548
nor,1998,1475.711159737418
nor,1999,1474.8482220294884
nor,2000,1456.4655172413793
nor,2001,1423.982869379015
nor,2002,1406.8015497201893
nor,2003,1389.423076923077
nor,2004,1404.9694856146468
nor,2005,1406.3848144952544
nor,2006,1399.6655518394648
nor,2007,1405.2313883299798
nor,2008,1406.786271450858
nor,2009,1387.0841487279843
nor,2010,1395.3670985473107
nor,2011,1400.15479876161
nor,2012,1396.2836556693212
nor,2013,1386.721680420105
nor,2014,1389.3838158871567
nor,2015,1391.9468045807166
nor,2016,1394.475138121547
nor,2017,1380.7790316709138
nor,2018,1382.5214899713467
nor,2019,1384.0732910500353
nzl,1970,1866.592875533871
nzl,1971,1863.3785951691784
nzl,1972,1848.9143335280617
nzl,1973,1846.604069515939
nzl,1974,1855.0415554732572
nzl,1975,1839.2714924339834
nzl,1976,1836.057212069291
nzl,1977,1841.4813101847096
nzl,1978,1832.642039181805
nzl,1979,1823.4009831333137
nzl,1980,1812.5527869024759
nzl,1981,1794.4724598510795
nzl,1982,1801.8050369330344
nzl,1983,1855.4433405188433
nzl,1984,1848.9143335280614
nzl,1985,1842.8875578442626
nzl,1986,1836.559443376274
nzl,1987,1840.936365081755
nzl,1988,1832.294353673612
nzl,1989,1819.499407421985
nzl,1990,1808.2943832788726
nzl,1991,1795.998898874254
nzl,1992,1804.7195701018993
nzl,1993,1857.0074322356365
nzl,1994,1851.465726282278
nzl,1995,1845.4525927993773
nzl,1996,1838.8730244357757
nzl,1997,1823.386361918583
nzl,1998,1824.1100907779694
nzl,1999,1840.1752252081562
nzl,2000,1836.362251225681
nzl,2001,1820.9352586321495
nzl,2002,1820.759721109463
nzl,2003,1818.169308078853
nzl,2004,1832.763002948585
nzl,2005,1812.7422073244086
nzl,2006,1796.370826065916
nzl,2007,1777.8047501658789
nzl,2008,1759.581916515387
nzl,2009,1741.753748870866
nzl,2010,1759.7901264739771
nzl,2011,1746.3176167011652
nzl,2012,1739.5578721573188
nzl,2013,1756.734812363881
nzl,2014,1756.5541465826632
nzl,2015,1750.863284870268
nzl,2016,1764.1296559428426
nzl,2017,1752.5749435085493
nzl,2018,1769.0849855476602
nzl,2019,1778.9844305894296
pak,1970,2241.6815994972544
pak,1971,2239.4163016993048
pak,1972,2241.0010451565913
pak,1973,2239.3913776643535
pak,1974,2237.6175410466485
pak,1975,2234.988496527108
pak,1976,2230.0995774436674
pak,1977,2225.8165143629517
pak,1978,2222.1622588822693
pak,1979,2218.0255305673877
pak,1980,2220.1873022918867
pak,1981,2174.6888504695476
pak,1982,2178.4531109348995
pak,1983,2186.140523948755
pak,1984,2189.912826520732
pak,1985,2206.774691898053
pak,1986,2203.475904694435
pak,1987,2188.1488362424434
pak,1988,2202.2606011216617
pak,1989,2203.788310373833
pak,1990,2205.631763459244
pak,1991,2205.4633960908536
pak,1992,2191.6572050372138
pak,1993,2194.676277028668
pak,1994,2191.8723629651504
pak,1995,2208.628638415099
pak,1996,2206.7066722923605
pak,1997,2199.7477460132245
pak,1998,2177.5775583734844
pak,1999,2179.1954251630236
pak,2000,2186.43676993238
pak,2001,2178.35619214505
pak,2002,2169.9291826970502
pak,2003,2183.7308071445245
pak,2004,2176.8701367196554
pak,2005,2164.0008949636726
pak,2006,2131.4966312864335
pak,2007,2135.8043589796384
pak,2008,2128.7081178140807
pak,2009,2109.1352781698993
pak,2010,2127.923444147677
pak,2011,2114.8742345830065
pak,2012,2101.5021122688245
pak,2013,2088.7530339324826
pak,2014,2058.523924729311
pak,2015,2026.977696633537
pak,2016,1997.1258119239858
pak,2017,1966.9071804604653
pak,2018,1966.9071804604653
pak,2019,1966.9071804604653
per,1950,2508.6840855264236
per,1951,2496.5845940727854
per,1952,2484.543458987843
per,1953,2472.560398816316
per,1954,2460.6351334603937
per,1955,2448.76738417319
per,1956,2436.9568735522266
per,1957,2425.20332553295
per,1958,2413.506465382278
per,1959,2401.866019692176
per,1960,2390.2817163732707
per,1961,2378.753284648486
per,1962,2367.280455046716
per,1963,2355.8629593965243
per,1964,2344.500530819879
per,1965,2333.1929037259106
per,1966,2321.9398138047072
per,1967,2310.740998021134
per,1968,2299.596194608687
per,1969,2288.505143063371
per,1970,2277.467584137616
per,1971,2266.4832598342123
per,1972,2255.5519134002816
per,1973,2244.6732893212784
per,1974,2237.430810112556
per,1975,2230.211698894774
per,1976,2223.0158802706846
per,1977,2215.84327908631
per,1978,2208.6938204301587
per,1979,2201.5674296324423
per,1980,2194.464032264296
per,1981,2187.383554137001
per,1982,2180.3259213012093
per,1983,2173.2910600461723
per,1984,2166.2788968989707
per,1985,2159.2893586237465
per,1986,2152.3223722209386
per,1987,2145.37786492652
per,1988,2138.455764211239
per,1989,2131.55599777986
per,1990,2124.6784935704104
per,1991,2120.4772792949043
per,1992,2126.325148353653
per,1993,2119.629407415292
per,1994,2117.7240828231425
per,1995,2117.344181868554
per,1996,2112.009061410462
per,1997,2111.4958763506056
per,1998,2104.992581807912
per,1999,2101.3551506994395
per,2000,2101.2346840517193
per,2001,2100.584927807757
per,2002,2098.3081690655704
per,2003,2100.9212089196235
per,2004,2099.53957604442
per,2005,2100.5693882935607
per,2006,2100.7645961963367
per,2007,2116.982285939419
per,2008,2123.1330952453136
per,2009,2123.404334363085
per,2010,2132.4568509245023
per,2011,2132.875305382398
per,2012,2134.4730336735947
per,2013,2137.3582189149747
per,2014,2134.607512853037
per,2015,2133.841669625713
per,2016,2139.4217715634168
per,2017,2139.6017594970945
per,2018,2139.6017594970945
per,2019,2139.6017594970945
phl,1970,2112.945759816869
phl,1971,2115.5514123555595
phl,1972,2117.795544560242
phl,1973,2107.331956133829
phl,1974,2117.800085702454
phl,1975,2121.594898882761
phl,1976,2123.8084021632253
phl,1977,2159.9517249805126
phl,1978,2135.3418014047215
phl,1979,2134.4642444344836
phl,1980,2133.512799809456
phl,1981,2134.425822131473
phl,1982,2130.363930526609
phl,1983,2140.7236290926403
phl,1984,2171.5496359995755
phl,1985,2172.676250901956
phl,1986,2170.5094475084193
phl,1987,2179.3062991407865
phl,1988,2187.5865924712043
phl,1989,2197.496131822487
phl,1990,2191.850747343778
phl,1991,2176.2502199528676
phl,1992,2176.111047856178
phl,1993,2136.0936408005905
phl,1994,2149.9868995685524
phl,1995,2130.2139408809444
phl,1996,2094.3843169278302
phl,1997,2146.593527783046
phl,1998,2105.0267049678946
phl,1999,2115.5798734770387
phl,2000,2160.45367914906
phl,2001,2067.629909109617
phl,2002,2061.255750781718
phl,2003,2077.352581034764
phl,2004,2084.0079979122675
phl,2005,2103.090545291369
phl,2006,2077.1858338312572
phl,2007,2092.1142144980226
phl,2008,2112.7790903090486
phl,2009,2117.418143236074
phl,2010,2124.3797691133623
phl,2011,2127.2083058184553
phl,2012,2131.924879787234
phl,2013,2140.264877223359
phl,2014,2142.9832131122093
phl,2015,2149.714226603477
phl,2016,2159.475030733206
phl,2017,2168.296500471067
phl,2018,2168.296500471067
phl,2019,2168.296500471067
pol,1995,2081.8983671875385
pol,1996,2082.046367213641
pol,1997,2081.852367179425
pol,1998,2081.795367169372
pol,1999,2115.157373053479
pol,2000,2081.6973671520877
pol,2001,2083.6908586242853
pol,2002,2078.4751894118244
pol,2003,2084.1720992789997
pol,2004,2084.532822685552
pol,2005,2079.048445614285
pol,2006,2080.579499307083
pol,2007,2077.6144603751673
pol,2008,2069.599984744373
pol,2009,2054.0000253334515
pol,2010,2048.800023421794
pol,2011,2043.5999818855817
pol,2012,2038.3999896606763
pol,2013,2034.75458813487
pol,2014,2041.321912147988
pol,2015,2049.0091421415154
pol,2016,2051.479344335609
pol,2017,2029.3582592706098
pol,2018,2002.1514658278315
pol,2019,2022.6322318847665
prt,1950,2404.899410860423
prt,1951,2389.619178198662
prt,1952,2374.436032969808
prt,1953,2359.3493583004233
prt,1954,2344.3585412365583
prt,1955,2329.462972718845
prt,1956,2314.6620475577524
prt,1957,2299.9551644089993
prt,1958,2285.3417257491205
prt,1959,2270.821137851192
prt,1960,2256.392810760706
prt,1961,2243.9657280255847
prt,1962,2231.6070874449356
prt,1963,2219.3165120736144
prt,1964,2207.0936270425004
prt,1965,2194.9380595470648
prt,1966,2182.8494388360004
prt,1967,2170.8273961999116
prt,1968,2158.871564960071
prt,1969,2146.9815804572327
prt,1970,2102.068946081272
prt,1971,2101.8263461704846
prt,1972,2101.42927870173
prt,1973,2100.0728866917684
prt,1974,2109.889958462179
prt,1975,2110.0254218759787
prt,1976,2105.6685409550582
prt,1977,2106.602032530596
prt,1978,2091.966986415001
prt,1979,2076.958582106729
prt,1980,2058.1627344262856
prt,1981,2040.8198738472229
prt,1982,2020.728746496359
prt,1983,2002.7320532083768
prt,1984,1985.7291143674372
prt,1985,1971.3137835062944
prt,1986,1958.9087589839007
prt,1987,1974.2623785852293
prt,1988,1954.3780939312767
prt,1989,1982.8489130006778
prt,1990,1972.3800181799447
prt,1991,1893.1430679061282
prt,1992,1876.256043482353
prt,1993,1863.6619302061167
prt,1994,1859.329582825573
prt,1995,1897.7178084248553
prt,1996,1898.7713008184814
prt,1997,1893.7205193046311
prt,1998,1909.1866623577384
prt,1999,1910.9542612968355
prt,2000,1920.5614594613894
prt,2001,1903.9317049018632
prt,2002,1896.9853959180027
prt,2003,1889.9554722471125
prt,2004,1896.0876193184286
prt,2005,1898.144004316638
prt,2006,1886.3386855198526
prt,2007,1903.4842875149657
prt,2008,1890.3618608185222
prt,2009,1890.794040095595
prt,2010,1893.6356190198571
prt,2011,1870.6033206817217
prt,2012,1853.090178873501
prt,2013,1863.2164613936097
prt,2014,1870.8341919658587
prt,2015,1878.6016495404103
prt,2016,1884.829650785185
prt,2017,1873.6190813309456
prt,2018,1867.8520122251477
prt,2019,1864.5883604892301
rou,1995,1822.645405638046
rou,1996,1861.4635470435371
rou,1997,1860.523919201546
rou,1998,1859.1493253018625
rou,1999,1850.0446778130902
rou,2000,1852.9989973634372
rou,2001,1852.4804594034138
rou,2002,1867.176176897607
rou,2003,1837.0598992622317
rou,2004,1886.5805714285714
rou,2005,1876.9961022371192
rou,2006,1836.0745405364953
rou,2007,1839.9407697820498
rou,2008,1835.2521075744462
rou,2009,1815.4971110445708
rou,2010,1840.6689894671695
rou,2011,1849.269245661586
rou,2012,1811.5428036042706
rou,2013,1806.4569281396598
rou,2014,1792.5335278993814
rou,2015,1785.671088590966
rou,2016,1809.0284236499951
rou,2017,1785.7967605894892
rou,2018,1787.7663730725665
rou,2019,1791.7354291728834
rus,1992,1933.0
rus,1993,1939.0
rus,1994,1895.0
rus,1995,1891.0
rus,1996,1894.0
rus,1997,1951.0
rus,1998,1946.0
rus,1999,1964.0
rus,2000,1982.0
rus,2001,1980.0
rus,2002,1982.0
rus,2003,1993.0
rus,2004,1993.0
rus,2005,1989.0
rus,2006,1998.0
rus,2007,1999.0
rus,2008,1997.0
rus,2009,1974.0
rus,2010,1976.0
rus,2011,1979.0
rus,2012,1982.0
rus,2013,1980.0
rus,2014,1985.0
rus,2015,1978.0
rus,2016,1974.0
rus,2017,1979.0
rus,2018,1970.0
rus,2019,1965.0
sgp,1960,2400.3904262894707
sgp,1961,2395.0510097492756
sgp,1962,2389.723470180709
sgp,1963,2384.4077811646935
sgp,1964,2379.103916340919
sgp,1965,2373.8118494077116
sgp,1966,2368.531554121902
sgp,1967,2363.2630042986957
sgp,1968,2358.0061738115446
sgp,1969,2352.7610365920154
sgp,1970,2347.5275666296616
sgp,1971,2347.4711252343322
sgp,1972,2347.383976495158
sgp,1973,2347.305265022924
sgp,1974,2347.299773496622
sgp,1975,2326.0077037792216
sgp,1976,2352.151567647683
sgp,1977,2297.7609593120305
sgp,1978,2297.0075986712177
sgp,1979,2272.6187095288165
sgp,1980,2281.1913850224087
sgp,1981,2308.3128852331147
sgp,1982,2314.7853058964624
sgp,1983,2320.0681251926044
sgp,1984,2329.584559096328
sgp,1985,2288.4952089148314
sgp,1986,2322.786802353514
sgp,1987,2353.905845166698
sgp,1988,2367.778114343655
sgp,1989,2427.1813500940852
sgp,1990,2431.687529621363
sgp,1991,2451.962451326159
sgp,1992,2455.633330644672
sgp,1993,2482.5959451681338
sgp,1994,2498.5400613570923
sgp,1995,2512.1887529966
sgp,1996,2533.2265319773533
sgp,1997,2547.505948307338
sgp,1998,2535.0982752341156
sgp,1999,2556.511322932088
sgp,2000,2574.278334340168
sgp,2001,2553.5078887494365
sgp,2002,2545.019339475091
sgp,2003,2550.024045717861
sgp,2004,2515.5841119738225
sgp,2005,2515.7248010222056
sgp,2006,2507.1008726359023
sgp,2007,2484.9012759894554
sgp,2008,2477.4690800489825
sgp,2009,2440.5143381977755
sgp,2010,2476.2314600838
sgp,2011,2433.726248069556
sgp,2012,2441.2637494862242
sgp,2013,2430.666637189011
sgp,2014,2390.985746278379
sgp,2015,2362.4236019356877
sgp,2016,2351.11128431388
sgp,2017,2333.3446982611663
sgp,2018,2306.0086883635418
sgp,2019,2330.1658748617556
svk,1990,1827.6454916759503
svk,1991,1827.734312937463
svk,1992,1827.6750987630878
svk,1993,1827.8033961408842
svk,1994,1827.4283730365414
svk,1995,1853.0483724770902
svk,1996,1819.6321898926599
svk,1997,1829.9979801870443
svk,1998,1821.8607087740165
svk,1999,1816.2406364547571
svk,2000,1815.6060942785887
svk,2001,1800.735572130753
svk,2002,1754.0740086636151
svk,2003,1697.5651186379807
svk,2004,1741.994328048917
svk,2005,1769.487914749798
svk,2006,1774.4540163853706
svk,2007,1791.2010730510758
svk,2008,1793.356889201385
svk,2009,1780.3382414350299
svk,2010,1805.1501967905172
svk,2011,1793.0127563611993
svk,2012,1789.042422706309
svk,2013,1771.614095107766
svk,2014,1759.6131615050715
svk,2015,1754.0862776233955
svk,2016,1740.0107709872686
svk,2017,1713.7809514977278
svk,2018,1703.9253688168933
svk,2019,1694.940165219095
svn,1995,1755.7049162556236
svn,1996,1727.595474302399
svn,1997,1715.105668709445
svn,1998,1728.2946523219885
svn,1999,1730.0755219902267
svn,2000,1710.0728075737368
svn,2001,1695.8552996293356
svn,2002,1720.4905401934766
svn,2003,1723.7885651716513
svn,2004,1736.5251452850584
svn,2005,1696.547867420902
svn,2006,1667.4187639628574
svn,2007,1654.9102569356226
svn,2008,1673.4810550408283
svn,2009,1678.9882833538263
svn,2010,1680.3325652363455
svn,2011,1663.3591976774874
svn,2012,1644.352432109818
svn,2013,1662.239277360382
svn,2014,1681.7499758498182
svn,2015,1687.312737058462
svn,2016,1652.38466983096
svn,2017,1621.4987466645105
svn,2018,1598.7038561015754
svn,2019,1592.9339036737194
swe,1950,2005.2626078538462
swe,1951,1995.4649078154723
swe,1952,1995.4649078154723
swe,1953,1975.8695077387247
swe,1954,1986.7558411146956
swe,1955,1975.8695077387247
swe,1956,1950.8309409739916
swe,1957,1950.8309409739916
swe,1958,1919.260574183676
swe,1959,1893.133374081346
swe,1960,1888.7788407309574
swe,1961,1890.9561074061517
swe,1962,1878.9811406925837
swe,1963,1872.4493406670013
swe,1964,1841.9676072142827
swe,1965,1831.0812738383117
swe,1966,1816.9290404495496
swe,1967,1786.447306996831
swe,1968,1742.9019734929473
swe,1969,1720.0406734034082
swe,1970,1703.7111733394518
swe,1971,1672.183170131721
swe,1972,1633.287166174353
swe,1973,1617.4051645584818
swe,1974,1599.0721626932404
swe,1975,1575.3861602833726
swe,1976,1588.1461615816042
swe,1977,1557.8521584994237
swe,1978,1520.77815472743
swe,1979,1511.5731537908925
swe,1980,1514.605154099375
swe,1981,1506.2221532464694
swe,1982,1520.3321546820532
swe,1983,1529.6161556266284
swe,1984,1531.790155847816
swe,1985,1535.8221562580409
swe,1986,1533.843156056693
swe,1987,1543.9461570845951
swe,1988,1563.488159072843
swe,1989,1562.3411589561445
swe,1990,1558.6711585827502
swe,1991,1545.4251572350718
swe,1992,1563.0081590240065
swe,1993,1594.68116224649
swe,1994,1633.4432604041049
swe,1995,1638.9310019132497
swe,1996,1651.4807490417247
swe,1997,1656.3065736756196
swe,1998,1655.183735013011
swe,1999,1664.77678784125
swe,2000,1643.4384300595239
swe,2001,1620.152108570908
swe,2002,1597.0250153643046
swe,2003,1583.2997573371183
swe,2004,1606.8490940107888
swe,2005,1605.5138421852687
swe,2006,1603.9514159051841
swe,2007,1616.890264117582
swe,2008,1627.1318510063875
swe,2009,1613.096305595409
swe,2010,1640.514111331388
swe,2011,1640.9914224757263
swe,2012,1627.2945346098156
swe,2013,1617.9559075342465
swe,2014,1619.4304892979274
swe,2015,1620.925637025481
swe,2016,1634.1693046053304
swe,2017,1621.4727106008052
swe,2018,1620.7348412028955
swe,2019,1605.2766023828558
tha,1970,2455.393983085554
tha,1971,2455.359404303446
tha,1972,2352.250485788752
tha,1973,2471.673112384579
tha,1974,2489.0171706453734
tha,1975,2461.74494126607
tha,1976,2457.493107847317
tha,1977,2453.6860567108215
tha,1978,2528.9991877696953
tha,1979,2619.8765856434993
tha,1980,2710.0938178449733
tha,1981,2632.8503103531066
tha,1982,2348.657751003864
tha,1983,2682.073213997838
tha,1984,2700.7272665636738
tha,1985,2672.274867250866
tha,1986,2671.41589417617
tha,1987,2625.665318886243
tha,1988,2648.563846003424
tha,1989,2715.418307518871
tha,1990,2579.75468061814
tha,1991,2627.615541408042
tha,1992,2643.7077790098338
tha,1993,2564.596324561753
tha,1994,2614.2803560870184
tha,1995,2609.0884366466544
tha,1996,2555.235222770049
tha,1997,2485.230869628896
tha,1998,2533.818655715289
tha,1999,2498.467838686262
tha,2000,2502.6596050138023
tha,2001,2404.5066885416068
tha,2002,2393.9396102457335
tha,2003,2383.6967614647415
tha,2004,2389.001219501265
tha,2005,2337.942738984727
tha,2006,2325.651890847548
tha,2007,2329.8011273426155
tha,2008,2342.0919930841683
tha,2009,2354.1119423028895
tha,2010,2349.356403093878
tha,2011,2357.5464636328084
tha,2012,2312.4298539987444
tha,2013,2273.493797207349
tha,2014,2247.321066183436
tha,2015,2186.4608195888436
tha,2016,2207.7037514747585
tha,2017,2092.990099810993
tha,2018,2092.990099810993
tha,2019,2092.990099810993
tto,1991,1585.060053307127
tto,1992,1564.7506491749266
tto,1993,1580.242382948321
tto,1994,1591.537625783457
tto,1995,1602.291619069389
tto,1996,1618.5392904503194
tto,1997,1627.136567105176
tto,1998,1630.5152386570737
tto,1999,1636.5250606752923
tto,2000,1663.8953375785002
tto,2001,1668.0446952846232
tto,2002,1634.8004597934707
tur,1970,2086.0
tur,1971,2077.0
tur,1972,2069.0
tur,1973,2060.0
tur,1974,2044.0
tur,1975,2028.0
tur,1976,2012.0
tur,1977,1996.0
tur,1978,1980.0
tur,1979,1964.0
tur,1980,1957.0
tur,1981,1950.0
tur,1982,1943.0
tur,1983,1935.0
tur,1984,1871.0
tur,1985,1898.0
tur,1986,1883.0
tur,1987,1844.0
tur,1988,1837.0
tur,1989,1867.0
tur,1990,1866.0
tur,1991,1870.0
tur,1992,1897.0
tur,1993,1917.0
tur,1994,1886.0
tur,1995,1876.0
tur,1996,1892.0
tur,1997,1878.0
tur,1998,1884.0
tur,1999,1925.0
tur,2000,1937.0
tur,2001,1942.0
tur,2002,1943.0
tur,2003,1943.0
tur,2004,1918.0
tur,2005,1936.0
tur,2006,1944.0
tur,2007,1911.0
tur,2008,1900.0
tur,2009,1881.0
tur,2010,1877.0
tur,2011,1864.0
tur,2012,1855.0
tur,2013,1832.0
tur,2014,1832.0
tur,2015,1832.0
tur,2016,1832.0
tur,2017,1832.0
tur,2018,1832.0
tur,2019,1832.0
twn,1951,2356.400126216743
twn,1952,2353.476914404051
twn,1953,2350.557328956511
twn,1954,2347.641365375467
twn,1955,2344.729019167844
twn,1956,2341.8202858461405
twn,1957,2338.9151609284218
twn,1958,2336.013639938314
twn,1959,2333.1157184049957
twn,1960,2330.221391863192
twn,1961,2327.3306558531667
twn,1962,2324.4435059207176
twn,1963,2321.5599376171663
twn,1964,2318.679946499354
twn,1965,2315.8035281296347
twn,1966,2312.930678075866
twn,1967,2310.0613919114044
twn,1968,2307.195665215098
twn,1969,2304.333493571279
twn,1970,2301.4748725697596
twn,1971,2305.1070963338534
twn,1972,2307.1075386938464
twn,1973,2305.3358323057955
twn,1974,2307.0248283556475
twn,1975,2308.479861798328
twn,1976,2307.9957692948824
twn,1977,2306.340565079365
twn,1978,2303.027619265356
twn,1979,2336.617381440281
twn,1980,2313.908809975208
twn,1981,2310.1240475508453
twn,1982,2269.43785704255
twn,1983,2254.7719051490512
twn,1984,2254.298809897879
twn,1985,2244.3638097052844
twn,1986,2242.9445237219566
twn,1987,2276.5342860525693
twn,1988,2250.5140475770922
twn,1989,2231.5902383563225
twn,1990,2230.644047151277
twn,1991,2217.8704756499033
twn,1992,2220.2359519572956
twn,1993,2240.5790475672143
twn,1994,2184.753809269543
twn,1995,2224.4938095743555
twn,1996,2198.0004764930113
twn,1997,2141.2290473199328
twn,1998,2192.32333367822
twn,1999,2190.430952039352
twn,2000,2180.4959527431292
twn,2001,2125.616904542192
twn,2002,2111.8971427117262
twn,2003,2117.1011903072085
twn,2004,2135.5519045256056
twn,2005,2127.509285574668
twn,2006,2134.605713873666
twn,2007,2129.874761904762
twn,2008,2073.5764285046293
twn,2009,2054.1795240798565
twn,2010,2062.6952378744318
twn,2011,2052.760238203473
twn,2012,2066.9530950672647
twn,2013,2062.2221426667847
twn,2015,2152.2897841225627
twn,2016,2123.758263390153
twn,2017,2092.5381798660023
twn,2018,2090.0705640878587
twn,2019,2085.135332531571
ury,1990,1788.0
ury,1991,1781.5009886308578
ury,1992,1775.0255998281455
ury,1993,1768.573747728704
ury,1994,1762.1453467814695
ury,1995,1755.7403117463389
ury,1996,1749.3585576930388
ury,1997,1743.0
ury,1998,1736.6645543532356
ury,1999,1722.0
ury,2000,1704.0768644994548
ury,2001,1672.7721023668223
ury,2002,1635.8787609391309
ury,2003,1612.8037726191965
ury,2004,1638.4481664127475
ury,2005,1628.0011960041732
ury,2006,1622.7958049288218
ury,2007,1608.5976636476237
ury,2008,1623.3336976865712
ury,2009,1603.9223395523695
ury,2010,1597.606691982192
ury,2011,1592.4202750199865
ury,2012,1578.6353083900071
ury,2013,1571.7992866054162
ury,2014,1567.3373561572437
ury,2015,1556.428331055452
ury,2016,1532.5137404768677
ury,2017,1532.5137404768677
ury,2018,1532.5137404768677
ury,2019,1532.5137404768677
usa,1950,1990.144875296062
usa,1951,2031.635133825973
usa,1952,2027.81261226693
usa,1953,2021.450284052321
usa,1954,1998.1273446994308
usa,1955,2005.5841429359132
usa,1956,1990.4586874087697
usa,1957,1962.604819962691
usa,1958,1928.4612958843566
usa,1959,1953.8412802221749
usa,1960,1935.2630406249834
usa,1961,1920.714524031754
usa,1962,1940.2341139797013
usa,1963,1928.448832221923
usa,1964,1935.1488315639551
usa,1965,1955.0965674799538
usa,1966,1963.9077045758459
usa,1967,1941.092771010088
usa,1968,1937.4176623240005
usa,1969,1938.0997951277081
usa,1970,1893.423642727384
usa,1971,1877.6512050654126
usa,1972,1874.2224326106957
usa,1973,1872.6631766817131
usa,1974,1844.7812233583952
usa,1975,1813.2479935405502
usa,1976,1809.297069805971
usa,1977,1809.3766545064927
usa,1978,1815.7156366846689
usa,1979,1817.713816712605
usa,1980,1801.6114449126944
usa,1981,1790.005617000504
usa,1982,1770.6660914062809
usa,1983,1779.871536983351
usa,1984,1795.5766410898955
usa,1985,1801.1373779503742
usa,1986,1780.8393649782402
usa,1987,1788.5174213286757
usa,1988,1798.271529180383
usa,1989,1810.2931027545183
usa,1990,1795.5679097717468
usa,1991,1787.3378165373788
usa,1992,1774.8828523152486
usa,1993,1789.9547167062574
usa,1994,1807.827339306039
usa,1995,1817.4743277792757
usa,1996,1823.5205219268983
usa,1997,1828.4882756219724
usa,1998,1839.196147270202
usa,1999,1841.3334555513804
usa,2000,1844.853979581936
usa,2001,1823.659338309164
usa,2002,1806.6908128037055
usa,2003,1790.8416783127977
usa,2004,1789.5274600050323
usa,2005,1787.013857129124
usa,2006,1787.3511641754162
usa,2007,1785.8835054158808
usa,2008,1765.766302672826
usa,2009,1728.6076494198196
usa,2010,1735.0112060231488
usa,2011,1744.9083649022216
usa,2012,1746.8585644725867
usa,2013,1752.5327760959776
usa,2014,1758.2685169065576
usa,2015,1770.0231741048067
usa,2016,1766.7441252679635
usa,2017,1763.7266760204493
usa,2018,1774.7038111183933
usa,2019,1765.346390059217
ven,1950,2179.0
ven,1951,2162.980270367318
ven,1952,2147.078315740375
ven,1953,2131.2932702523735
ven,1954,2115.62427440226
ven,1955,2100.070475007922
ven,1956,2084.631025159733
ven,1957,2069.305084174437
ven,1958,2054.0918175493757
ven,1959,2038.9903969170466
ven,1960,2024.0
ven,1961,2016.5787400456995
ven,1962,2009.1846911088444
ven,1963,2001.8177534166903
ven,1964,1994.477827562323
ven,1965,1987.1648145033168
ven,1966,1979.8786155603975
ven,1967,1972.6191324161118
ven,1968,1965.3862671134998
ven,1969,1958.1799220547737
ven,1970,1951.0
ven,1971,1955.6555485874646
ven,1972,1960.3222064177023
ven,1973,1965.0
ven,1974,1969.5398412381944
ven,1975,1974.0901711066524
ven,1976,1978.6510138377996
ven,1977,1983.222393720047
ven,1978,1987.8043350979203
ven,1979,1992.3968623721896
ven,1980,1997.0
ven,1981,1985.9821770616963
ven,1982,1975.0251415156308
ven,1983,1964.1285579863782
ven,1984,1953.2920929488419
ven,1985,1942.515414718046
ven,1986,1931.798193438983
ven,1987,1921.1401010765164
ven,1988,1910.5408114053416
ven,1989,1900.0
ven,1990,1889.0
ven,1991,1878.4706545485344
ven,1992,1868.0
ven,1993,1888.883267965493
ven,1994,1910.0
ven,1995,1915.2284918454664
ven,1996,1920.4712963228585
ven,1997,1925.7284526120084
ven,1998,1931.0
ven,1999,1886.8965925761938
ven,2000,1898.5117794418238
ven,2001,1869.4724521586163
ven,2002,1829.0202960733027
ven,2003,1801.2109314377658
ven,2004,1896.6949369147735
ven,2005,1922.8501200503993
ven,2006,1903.8516071572806
vnm,1970,2986.847453034597
vnm,1971,2906.5289020900723
vnm,1972,2849.398666132215
vnm,1973,2802.9013486997637
vnm,1974,2766.8148513113138
vnm,1975,2729.082973300471
vnm,1976,2682.8511441033147
vnm,1977,2637.2298097866515
vnm,1978,2597.454109669564
vnm,1979,2563.5396189646476
vnm,1980,2534.2529612881876
vnm,1981,2484.689705470322
vnm,1982,2446.641739363953
vnm,1983,2416.743913325822
vnm,1984,2394.389472005831
vnm,1985,2379.1479781715734
vnm,1986,2370.5807242417877
vnm,1987,2361.2149213083344
vnm,1988,2357.0160859766556
vnm,1989,2355.166965450992
vnm,1990,2349.804206394793
vnm,1991,2346.671757613619
vnm,1992,2344.2401968046033
vnm,1993,2342.712835443038
vnm,1994,2339.7913847996265
vnm,1995,2336.0488108476115
vnm,1996,2331.6207834658508
vnm,1997,2317.4928838796754
vnm,1998,2362.4003817053253
vnm,1999,2362.1481119821347
vnm,2000,2393.65671057478
vnm,2001,2246.975193265532
vnm,2002,2230.7422537017987
vnm,2003,2254.9005472120707
vnm,2004,2206.9907067159033
vnm,2005,2191.686670617984
vnm,2006,2239.6478200996594
vnm,2007,2241.181439239647
vnm,2008,2336.6922203181016
vnm,2009,2405.369313818737
vnm,2010,2299.9985992898837
vnm,2011,2331.3015282049682
vnm,2012,2310.5213408475142
vnm,2013,2267.4873033707863
vnm,2014,2150.6381891952815
vnm,2015,2191.3704362258773
vnm,2016,2169.5515037929495
vnm,2017,2131.968231765835
vnm,2018,2131.968231765835
vnm,2019,2131.968231765835
zaf,2001,2376.338138931824
zaf,2002,2382.765846902073
zaf,2003,2318.6793724635695
zaf,2004,2342.2733825493747
zaf,2005,2399.428116156201
zaf,2006,2315.7480219648405
zaf,2007,2322.122790577897
zaf,2008,2284.234372108903
zaf,2009,2249.3082292443014
zaf,2010,2235.7429737793677
zaf,2011,2254.585654234207
zaf,2012,2224.1081947276875
zaf,2013,2211.986347030726
zaf,2014,2209.0914665506566
zaf,2016,2218.4550675406
zaf,2017,2197.0332628526144
zaf,2018,2191.3633615821877
zaf,2019,2191.3633615821877
