country,year,avh
ago,2005,2090.41
ago,2006,2093.11
ago,2007,2096.47
ago,2008,2099.03
ago,2009,2100.55
ago,2010,2083.48
ago,2011,2096.46
ago,2012,2098.27
ago,2013,2098.83
ago,2014,2099.62
ago,2015,2100.36
ago,2016,2100.35
ago,2017,2101.5
ago,2018,2102.45
ago,2019,2103.92
ago,2020,2015.3
ago,2021,2067.72
ago,2022,2109.06
ago,2023,2114.5
alb,2005,2343.9
alb,2006,2333.12
alb,2007,2334.51
alb,2008,2195.57
alb,2009,2191.19
alb,2010,2119.7
alb,2011,1852.72
alb,2012,2054.16
alb,2013,2128.41
alb,2014,1946.22
alb,2015,1969.74
alb,2016,2059.25
alb,2017,2081.27
alb,2018,2113.76
alb,2019,2142.84
alb,2020,2042.15
alb,2021,2125.82
alb,2022,2160.98
alb,2023,2151.97
are,2005,2627.78
are,2006,2613.4
are,2007,2603.41
are,2008,2593.24
are,2009,2609.92
are,2010,2615.65
are,2011,2618.8
are,2012,2624.65
are,2013,2633.66
are,2014,2644.73
are,2015,2661.13
are,2016,2671.65
are,2017,2680.97
are,2018,2691.72
are,2019,2706.89
are,2020,2578.15
are,2021,2657.34
are,2022,2621.51
are,2023,2514.45
arg,1950,2034.0
arg,1951,2037.87
arg,1952,2041.74
arg,1953,2045.62
arg,1954,2049.51
arg,1955,2053.41
arg,1956,2057.31
arg,1957,2061.22
arg,1958,2065.14
arg,1959,2069.07
arg,1960,2073.0
arg,1961,2066.2
arg,1962,2059.42
arg,1963,2052.67
arg,1964,2045.94
arg,1965,2039.22
arg,1966,2032.54
arg,1967,2025.87
arg,1968,2019.22
arg,1969,2012.6
arg,1970,2006.0
arg,1971,2002.66
arg,1972,1999.33
arg,1973,1996.0
arg,1974,1992.84
arg,1975,1989.69
arg,1976,1986.54
arg,1977,1983.4
arg,1978,1980.26
arg,1979,1977.13
arg,1980,1974.0
arg,1981,1961.23
arg,1982,1948.54
arg,1983,1935.94
arg,1984,1923.41
arg,1985,1910.97
arg,1986,1898.61
arg,1987,1886.33
arg,1988,1874.12
arg,1989,1862.0
arg,1990,1850.0
arg,1991,1837.96
arg,1992,1826.0
arg,1993,1850.34
arg,1994,1875.0
arg,1995,1881.96
arg,1996,1888.95
arg,1997,1895.96
arg,1998,1903.0
arg,1999,1887.29
arg,2000,1862.14
arg,2001,1811.15
arg,2002,1710.04
arg,2003,1713.57
arg,2004,1743.4
arg,2005,1771.68
arg,2006,1775.92
arg,2007,1787.54
arg,2008,1789.76
arg,2009,1751.62
arg,2010,1760.22
arg,2011,1760.23
arg,2012,1736.1
arg,2013,1725.87
arg,2014,1705.43
arg,2015,1703.47
arg,2016,1646.51
arg,2017,1648.81
arg,2018,1638.44
arg,2019,1612.12
arg,2020,1528.56
arg,2021,1612.12
arg,2022,1528.56
arg,2023,1612.12
arm,2005,1988.59
arm,2006,1993.57
arm,2007,1997.85
arm,2008,2187.46
arm,2009,1927.94
arm,2010,1933.27
arm,2011,1918.71
arm,2012,1926.11
arm,2013,1973.05
arm,2014,2012.58
arm,2015,1868.85
arm,2016,1857.71
arm,2017,1862.92
arm,2018,1999.09
arm,2019,1991.75
arm,2020,1861.06
arm,2021,1964.63
arm,2022,1976.38
arm,2023,1976.15
aus,1950,2029.52
aus,1951,2010.76
aus,1952,1992.16
aus,1953,1973.74
aus,1954,1955.48
aus,1955,1937.4
aus,1956,1919.48
aus,1957,1901.73
aus,1958,1884.14
aus,1959,1866.72
aus,1960,1849.46
aus,1961,1846.05
aus,1962,1842.64
aus,1963,1839.24
aus,1964,1835.85
aus,1965,1832.46
aus,1966,1829.08
aus,1967,1825.71
aus,1968,1822.34
aus,1969,1818.98
aus,1970,1815.62
aus,1971,1798.2
aus,1972,1779.19
aus,1973,1766.72
aus,1974,1782.85
aus,1975,1770.48
aus,1976,1780.18
aus,1977,1781.86
aus,1978,1782.66
aus,1979,1787.7
aus,1980,1785.37
aus,1981,1771.21
aus,1982,1750.51
aus,1983,1734.47
aus,1984,1753.62
aus,1985,1745.54
aus,1986,1750.05
aus,1987,1748.07
aus,1988,1745.23
aus,1989,1755.12
aus,1990,1740.63
aus,1991,1727.68
aus,1992,1724.85
aus,1993,1740.43
aus,1994,1745.08
aus,1995,1746.31
aus,1996,1748.8
aus,1997,1746.24
aus,1998,1735.3
aus,1999,1723.86
aus,2000,1738.5
aus,2001,1716.04
aus,2002,1697.8
aus,2003,1694.46
aus,2004,1686.14
aus,2005,1685.79
aus,2006,1676.85
aus,2007,1674.13
aus,2008,1677.89
aus,2009,1672.41
aus,2010,1654.81
aus,2011,1660.5
aus,2012,1661.94
aus,2013,1653.12
aus,2014,1655.97
aus,2015,1649.81
aus,2016,1643.82
aus,2017,1641.6
aus,2018,1633.87
aus,2019,1632.29
aus,2020,1601.09
aus,2021,1597.75
aus,2022,1587.71
aus,2023,1611.13
aut,1950,1948.43
aut,1951,1945.95
aut,1952,1943.48
aut,1953,1941.0
aut,1954,1938.53
aut,1955,1936.07
aut,1956,1933.6
aut,1957,1931.14
aut,1958,1928.69
aut,1959,1926.23
aut,1960,1923.78
aut,1961,1911.96
aut,1962,1900.21
aut,1963,1888.54
aut,1964,1876.94
aut,1965,1865.4
aut,1966,1853.94
aut,1967,1842.55
aut,1968,1831.23
aut,1969,1819.98
aut,1970,1765.77
aut,1971,1761.24
aut,1972,1780.35
aut,1973,1775.66
aut,1974,1848.47
aut,1975,1778.69
aut,1976,1773.15
aut,1977,1779.45
aut,1978,1722.73
aut,1979,1753.19
aut,1980,1757.26
aut,1981,1699.44
aut,1982,1714.37
aut,1983,1709.5
aut,1984,1705.78
aut,1985,1701.67
aut,1986,1700.91
aut,1987,1689.7
aut,1988,1692.89
aut,1989,1705.14
aut,1990,1705.88
aut,1991,1715.61
aut,1992,1686.17
aut,1993,1683.71
aut,1994,1682.06
aut,1995,1657.68
aut,1996,1688.01
aut,1997,1695.91
aut,1998,1675.75
aut,1999,1679.23
aut,2000,1680.01
aut,2001,1667.33
aut,2002,1664.79
aut,2003,1656.76
aut,2004,1659.01
aut,2005,1635.95
aut,2006,1620.25
aut,2007,1610.59
aut,2008,1604.13
aut,2009,1560.57
aut,2010,1554.33
aut,2011,1560.07
aut,2012,1537.38
aut,2013,1523.31
aut,2014,1515.29
aut,2015,1494.83
aut,2016,1507.17
aut,2017,1497.42
aut,2018,1501.39
aut,2019,1508.85
aut,2020,1398.75
aut,2021,1439.01
aut,2022,1436.87
aut,2023,1438.45
aze,2005,1896.48
aze,2006,1889.94
aze,2007,1869.87
aze,2008,1862.54
aze,2009,1860.44
aze,2010,1862.28
aze,2011,1846.19
aze,2012,1825.96
aze,2013,1818.38
aze,2014,1810.48
aze,2015,1795.69
aze,2016,1804.82
aze,2017,1808.36
aze,2018,1804.05
aze,2019,1796.38
aze,2020,1740.47
aze,2021,1786.7
aze,2022,1790.37
aze,2023,1790.75
bel,1950,2124.19
bel,1951,2113.82
bel,1952,2103.51
bel,1953,2093.24
bel,1954,2083.03
bel,1955,2072.86
bel,1956,2062.75
bel,1957,2052.68
bel,1958,2042.66
bel,1959,2032.69
bel,1960,2022.77
bel,1961,2010.78
bel,1962,1998.85
bel,1963,1987.0
bel,1964,1975.22
bel,1965,1963.51
bel,1966,1951.86
bel,1967,1940.29
bel,1968,1928.78
bel,1969,1917.35
bel,1970,1905.98
bel,1971,1896.68
bel,1972,1870.38
bel,1973,1843.28
bel,1974,1812.78
bel,1975,1802.58
bel,1976,1804.18
bel,1977,1777.78
bel,1978,1759.08
bel,1979,1741.78
bel,1980,1721.68
bel,1981,1698.78
bel,1982,1684.18
bel,1983,1690.38
bel,1984,1714.38
bel,1985,1720.78
bel,1986,1700.68
bel,1987,1685.08
bel,1988,1673.18
bel,1989,1663.98
bel,1990,1678.38
bel,1991,1640.58
bel,1992,1617.28
bel,1993,1572.88
bel,1994,1572.78
bel,1995,1578.28
bel,1996,1574.58
bel,1997,1581.78
bel,1998,1574.18
bel,1999,1575.38
bel,2000,1589.1
bel,2001,1581.24
bel,2002,1593.65
bel,2003,1598.22
bel,2004,1587.8
bel,2005,1577.68
bel,2006,1591.64
bel,2007,1593.66
bel,2008,1582.51
bel,2009,1564.16
bel,2010,1578.19
bel,2011,1594.7
bel,2012,1592.52
bel,2013,1591.51
bel,2014,1587.92
bel,2015,1582.11
bel,2016,1582.19
bel,2017,1584.38
bel,2018,1587.5
bel,2019,1587.41
bel,2020,1458.99
bel,2021,1550.99
bel,2022,1589.98
bel,2023,1593.29
bfa,2005,2274.07
bfa,2006,2285.1
bfa,2007,2294.82
bfa,2008,2301.69
bfa,2009,2307.6
bfa,2010,2315.41
bfa,2011,2322.36
bfa,2012,2329.49
bfa,2013,2336.49
bfa,2014,2343.37
bfa,2015,2346.23
bfa,2016,2349.76
bfa,2017,2353.17
bfa,2018,2356.75
bfa,2019,2360.66
bfa,2020,2348.67
bfa,2021,2367.36
bfa,2022,2354.26
bfa,2023,2356.19
bgd,1970,2268.16
bgd,1971,2267.81
bgd,1972,2266.84
bgd,1973,2265.15
bgd,1974,2262.87
bgd,1975,2261.73
bgd,1976,2265.7
bgd,1977,2270.06
bgd,1978,2274.53
bgd,1979,2278.92
bgd,1980,2283.25
bgd,1981,2282.56
bgd,1982,2285.78
bgd,1983,2288.77
bgd,1984,2291.25
bgd,1985,2363.36
bgd,1986,2434.38
bgd,1987,2432.01
bgd,1988,2432.36
bgd,1989,2435.69
bgd,1990,2426.21
bgd,1991,2418.38
bgd,1992,2408.92
bgd,1993,2400.29
bgd,1994,2392.42
bgd,1995,2385.34
bgd,1996,2379.12
bgd,1997,2364.65
bgd,1998,2350.11
bgd,1999,2335.5
bgd,2000,2320.89
bgd,2001,2319.31
bgd,2002,2315.55
bgd,2003,2309.66
bgd,2004,2318.11
bgd,2005,2327.17
bgd,2006,2329.56
bgd,2007,2332.14
bgd,2008,2335.26
bgd,2009,2338.73
bgd,2010,2341.36
bgd,2011,2345.87
bgd,2012,2351.78
bgd,2013,2358.63
bgd,2014,2378.07
bgd,2015,2398.95
bgd,2016,2420.53
bgd,2017,2440.44
bgd,2018,2428.91
bgd,2019,2417.72
bgd,2020,2312.9
bgd,2021,2387.09
bgd,2022,2376.93
bgd,2023,2383.18
bgr,1995,1710.67
bgr,1996,1708.2
bgr,1997,1706.87
bgr,1998,1649.98
bgr,1999,1669.5
bgr,2000,1640.25
bgr,2001,1651.86
bgr,2002,1651.26
bgr,2003,1640.51
bgr,2004,1663.69
bgr,2005,1658.65
bgr,2006,1654.1
bgr,2007,1654.52
bgr,2008,1693.6
bgr,2009,1646.28
bgr,2010,1644.84
bgr,2011,1643.59
bgr,2012,1644.45
bgr,2013,1644.98
bgr,2014,1644.06
bgr,2015,1644.39
bgr,2016,1643.55
bgr,2017,1643.26
bgr,2018,1644.57
bgr,2019,1647.28
bgr,2020,1609.08
bgr,2021,1620.66
bgr,2022,1618.99
bgr,2023,1659.33
bhr,2005,2144.34
bhr,2006,2156.88
bhr,2007,2162.33
bhr,2008,2163.3
bhr,2009,2138.47
bhr,2010,2147.88
bhr,2011,2138.67
bhr,2012,2121.79
bhr,2013,2115.87
bhr,2014,2112.9
bhr,2015,2105.03
bhr,2016,2110.04
bhr,2017,2110.39
bhr,2018,2112.87
bhr,2019,2106.77
bhr,2020,2054.51
bhr,2021,2071.78
bhr,2022,2060.25
bhr,2023,2052.43
bih,2005,2152.99
bih,2006,2138.37
bih,2007,2152.71
bih,2008,2177.11
bih,2009,2145.64
bih,2010,2126.91
bih,2011,2123.27
bih,2012,2142.94
bih,2013,2141.97
bih,2014,2137.95
bih,2015,2115.37
bih,2016,2176.25
bih,2017,2124.61
bih,2018,2141.97
bih,2019,2131.55
bih,2020,2046.41
bih,2021,2172.14
bih,2022,2129.88
bih,2023,2121.9
blr,2005,1903.06
blr,2006,1895.92
blr,2007,1888.42
blr,2008,1882.0
blr,2009,1871.17
blr,2010,1863.83
blr,2011,1855.54
blr,2012,1846.08
blr,2013,1836.3
blr,2014,1826.75
blr,2015,1814.65
blr,2016,1806.66
blr,2017,1825.62
blr,2018,1843.25
blr,2019,1848.48
blr,2020,1816.28
blr,2021,1846.86
blr,2022,1853.34
blr,2023,1874.84
bol,2005,2188.09
bol,2006,2170.07
bol,2007,2195.81
bol,2008,2201.54
bol,2009,2210.75
bol,2010,2194.3
bol,2011,2183.91
bol,2012,2187.16
bol,2013,2178.33
bol,2014,2222.29
bol,2015,2228.73
bol,2016,2230.69
bol,2017,2141.62
bol,2018,2078.15
bol,2019,2067.69
bol,2020,1874.79
bol,2021,1999.71
bol,2022,1977.15
bol,2023,1967.76
bra,1950,2363.55
bra,1951,2373.99
bra,1952,2384.48
bra,1953,2395.01
bra,1954,2405.59
bra,1955,2416.21
bra,1956,2426.88
bra,1957,2437.6
bra,1958,2448.37
bra,1959,2459.18
bra,1960,2470.04
bra,1961,2471.31
bra,1962,2472.58
bra,1963,2473.85
bra,1964,2475.13
bra,1965,2476.4
bra,1966,2477.67
bra,1967,2478.95
bra,1968,2480.22
bra,1969,2481.5
bra,1970,2482.77
bra,1971,2463.72
bra,1972,2444.82
bra,1973,2426.06
bra,1974,2407.27
bra,1975,2388.63
bra,1976,2370.14
bra,1977,2351.79
bra,1978,2333.58
bra,1979,2315.51
bra,1980,2297.58
bra,1981,2275.46
bra,1982,2277.27
bra,1983,2260.01
bra,1984,2264.53
bra,1985,2262.24
bra,1986,2242.6
bra,1987,2236.48
bra,1988,2226.39
bra,1989,2177.73
bra,1990,2175.06
bra,1991,2180.89
bra,1992,2185.33
bra,1993,2157.14
bra,1994,2152.89
bra,1995,2148.95
bra,1996,2179.05
bra,1997,2159.82
bra,1998,2158.13
bra,1999,2129.56
bra,2000,2135.61
bra,2001,2141.22
bra,2002,2119.19
bra,2003,2111.86
bra,2004,2091.87
bra,2005,2077.93
bra,2006,2070.85
bra,2007,2066.73
bra,2008,2066.66
bra,2009,2054.3
bra,2010,2051.33
bra,2011,2047.9
bra,2012,2032.5
bra,2013,2034.74
bra,2014,2025.18
bra,2015,2005.42
bra,2016,1998.86
bra,2017,1976.01
bra,2018,1967.04
bra,2019,1972.91
bra,2020,1836.49
bra,2021,1990.65
bra,2022,1999.69
bra,2023,1993.72
bwa,2005,2514.16
bwa,2006,2484.91
bwa,2007,2475.15
bwa,2008,2465.68
bwa,2009,2454.75
bwa,2010,2439.29
bwa,2011,2421.42
bwa,2012,2407.25
bwa,2013,2399.27
bwa,2014,2388.93
bwa,2015,2374.19
bwa,2016,2364.67
bwa,2017,2353.87
bwa,2018,2343.37
bwa,2019,2333.63
bwa,2020,2314.13
bwa,2021,2373.93
bwa,2022,2277.15
bwa,2023,2258.06
can,1950,2240.9
can,1951,2225.64
can,1952,2213.22
can,1953,2211.79
can,1954,2203.75
can,1955,2185.54
can,1956,2172.99
can,1957,2153.41
can,1958,2137.83
can,1959,2134.6
can,1960,2120.78
can,1961,2096.12
can,1962,2094.65
can,1963,2079.75
can,1964,2068.34
can,1965,2050.19
can,1966,2023.71
can,1967,2014.06
can,1968,1989.6
can,1969,1970.31
can,1970,1952.6
can,1971,1938.79
can,1972,1923.77
can,1973,1924.48
can,1974,1911.55
can,1975,1896.68
can,1976,1885.63
can,1977,1865.34
can,1978,1862.94
can,1979,1869.29
can,1980,1860.23
can,1981,1844.85
can,1982,1819.9
can,1983,1811.85
can,1984,1821.9
can,1985,1833.43
can,1986,1833.76
can,1987,1849.68
can,1988,1856.24
can,1989,1852.91
can,1990,1845.24
can,1991,1822.9
can,1992,1820.35
can,1993,1822.87
can,1994,1829.63
can,1995,1823.21
can,1996,1839.56
can,1997,1844.64
can,1998,1835.67
can,1999,1835.77
can,2000,1825.59
can,2001,1807.79
can,2002,1789.77
can,2003,1775.24
can,2004,1785.94
can,2005,1779.94
can,2006,1774.12
can,2007,1769.7
can,2008,1766.07
can,2009,1737.64
can,2010,1755.94
can,2011,1753.7
can,2012,1763.88
can,2013,1754.91
can,2014,1744.44
can,2015,1746.9
can,2016,1742.45
can,2017,1737.97
can,2018,1757.75
can,2019,1748.33
can,2020,1626.34
can,2021,1710.35
can,2022,1724.11
can,2023,1731.02
che,1950,2042.67
che,1951,2035.01
che,1952,2027.39
che,1953,2019.79
che,1954,2012.22
che,1955,2004.68
che,1956,1997.17
che,1957,1989.69
che,1958,1982.23
che,1959,1974.8
che,1960,1967.4
che,1961,1970.21
che,1962,1973.03
che,1963,1975.85
che,1964,1978.67
che,1965,1981.5
che,1966,1984.33
che,1967,1987.16
che,1968,1990.0
che,1969,1992.85
che,1970,1995.7
che,1971,1985.38
che,1972,1961.03
che,1973,1934.2
che,1974,1905.31
che,1975,1896.52
che,1976,1893.39
che,1977,1865.93
che,1978,1851.46
che,1979,1838.78
che,1980,1824.23
che,1981,1804.88
che,1982,1793.77
che,1983,1779.0
che,1984,1759.87
che,1985,1753.62
che,1986,1745.03
che,1987,1743.76
che,1988,1743.24
che,1989,1728.05
che,1990,1718.47
che,1991,1716.02
che,1992,1725.45
che,1993,1720.39
che,1994,1739.74
che,1995,1720.27
che,1996,1696.87
che,1997,1687.45
che,1998,1695.53
che,1999,1717.4
che,2000,1712.74
che,2001,1672.85
che,2002,1651.26
che,2003,1664.54
che,2004,1694.95
che,2005,1689.97
che,2006,1679.24
che,2007,1668.87
che,2008,1659.46
che,2009,1650.78
che,2010,1611.29
che,2011,1608.31
che,2012,1592.61
che,2013,1572.7
che,2014,1564.51
che,2015,1576.67
che,2016,1577.06
che,2017,1559.22
che,2018,1551.45
che,2019,1549.12
che,2020,1498.8
che,2021,1532.48
che,2022,1536.15
che,2023,1528.94
chl,1951,2600.42
chl,1952,2586.47
chl,1953,2572.59
chl,1954,2558.78
chl,1955,2545.05
chl,1956,2531.4
chl,1957,2517.81
chl,1958,2504.3
chl,1959,2490.86
chl,1960,2477.49
chl,1961,2457.87
chl,1962,2438.25
chl,1963,2394.09
chl,1964,2389.19
chl,1965,2403.91
chl,1966,2423.53
chl,1967,2242.01
chl,1968,2325.41
chl,1969,2354.85
chl,1970,2222.39
chl,1971,2320.51
chl,1972,2335.22
chl,1973,2310.69
chl,1974,2291.07
chl,1975,2335.22
chl,1976,2349.94
chl,1977,2320.51
chl,1978,2345.03
chl,1979,2369.56
chl,1980,2384.28
chl,1981,2428.44
chl,1982,2374.47
chl,1983,2330.32
chl,1984,2364.66
chl,1985,2364.66
chl,1986,2399.0
chl,1987,2405.0
chl,1988,2411.0
chl,1989,2416.0
chl,1990,2422.0
chl,1991,2419.0
chl,1992,2415.0
chl,1993,2389.0
chl,1994,2364.0
chl,1995,2338.0
chl,1996,2313.0
chl,1997,2256.0
chl,1998,2299.0
chl,1999,2277.0
chl,2000,2263.0
chl,2001,2242.0
chl,2002,2250.0
chl,2003,2235.0
chl,2004,2232.0
chl,2005,2157.0
chl,2006,2165.0
chl,2007,2128.0
chl,2008,2095.0
chl,2009,2074.0
chl,2010,2069.8
chl,2011,2050.2
chl,2012,2027.4
chl,2013,2021.3
chl,2014,1994.4
chl,2015,1993.7
chl,2016,1977.5
chl,2017,1963.1
chl,2018,1955.5
chl,2019,1929.5
chl,2020,1825.3
chl,2021,1915.6
chl,2022,1962.64
chl,2023,1949.71
chn,1952,2129.04
chn,1953,2121.35
chn,1954,2110.33
chn,1955,2197.75
chn,1956,2253.32
chn,1957,2262.89
chn,1958,2356.06
chn,1959,2453.15
chn,1960,2176.6
chn,1961,2164.38
chn,1962,2163.27
chn,1963,2247.64
chn,1964,2248.63
chn,1965,2249.11
chn,1966,2249.09
chn,1967,2249.19
chn,1968,2249.25
chn,1969,2248.77
chn,1970,2247.39
chn,1971,2244.62
chn,1972,2242.96
chn,1973,2242.81
chn,1974,2242.04
chn,1975,2240.91
chn,1976,2239.18
chn,1977,2238.19
chn,1978,2235.76
chn,1979,2239.98
chn,1980,2243.18
chn,1981,2245.2
chn,1982,2247.71
chn,1983,2249.34
chn,1984,2252.69
chn,1985,2251.3
chn,1986,2249.28
chn,1987,2246.5
chn,1988,2244.57
chn,1989,2244.56
chn,1990,2246.84
chn,1991,2243.52
chn,1992,2240.88
chn,1993,2237.37
chn,1994,2234.29
chn,1995,2232.77
chn,1996,2252.17
chn,1997,2272.02
chn,1998,2297.68
chn,1999,2317.83
chn,2000,2334.04
chn,2001,2351.23
chn,2002,2368.38
chn,2003,2382.44
chn,2004,2376.13
chn,2005,2485.6
chn,2006,2459.6
chn,2007,2366.0
chn,2008,2319.2
chn,2009,2324.4
chn,2010,2444.0
chn,2011,2402.4
chn,2012,2407.6
chn,2013,2425.8
chn,2014,2423.2
chn,2015,2405.09
chn,2016,2397.2
chn,2017,2383.04
chn,2018,2369.82
chn,2019,2357.2
chn,2020,2254.58
chn,2021,2291.62
chn,2022,2339.3
chn,2023,2327.79
civ,2005,2088.7
civ,2006,2090.12
civ,2007,2091.82
civ,2008,2094.06
civ,2009,2096.99
civ,2010,2099.23
civ,2011,2100.5
civ,2012,2104.54
civ,2013,2107.59
civ,2014,2103.34
civ,2015,2098.48
civ,2016,2095.21
civ,2017,2103.89
civ,2018,2098.11
civ,2019,2093.84
civ,2020,2050.25
civ,2021,2085.13
civ,2022,2100.23
civ,2023,2103.1
cmr,2005,2128.41
cmr,2006,2134.71
cmr,2007,2144.18
cmr,2008,2142.75
cmr,2009,2138.76
cmr,2010,2139.7
cmr,2011,2135.67
cmr,2012,2136.01
cmr,2013,2133.26
cmr,2014,2133.09
cmr,2015,2133.84
cmr,2016,2143.59
cmr,2017,2146.49
cmr,2018,2151.31
cmr,2019,2159.83
cmr,2020,2117.55
cmr,2021,2156.24
cmr,2022,2177.28
cmr,2023,2180.62
cod,2005,1768.96
cod,2006,1776.3
cod,2007,1784.45
cod,2008,1793.08
cod,2009,1801.35
cod,2010,1811.04
cod,2011,1820.84
cod,2012,1830.7
cod,2013,1830.65
cod,2014,1830.74
cod,2015,1830.16
cod,2016,1828.61
cod,2017,1827.18
cod,2018,1826.09
cod,2019,1824.64
cod,2020,1737.75
cod,2021,1812.23
cod,2022,1837.25
cod,2023,1840.97
cog,2005,2497.88
cog,2006,2505.78
cog,2007,2508.51
cog,2008,2518.79
cog,2009,2527.38
cog,2010,2532.57
cog,2011,2534.51
cog,2012,2538.75
cog,2013,2539.04
cog,2014,2540.34
cog,2015,2538.85
cog,2016,2533.81
cog,2017,2532.86
cog,2018,2531.74
cog,2019,2530.84
cog,2020,2412.49
cog,2021,2505.37
cog,2022,2534.62
cog,2023,2534.17
col,1950,2786.89
col,1951,2774.03
col,1952,2761.23
col,1953,2748.49
col,1954,2735.81
col,1955,2723.18
col,1956,2710.61
col,1957,2698.11
col,1958,2685.65
col,1959,2673.26
col,1960,2660.92
col,1961,2655.11
col,1962,2649.31
col,1963,2643.52
col,1964,2637.74
col,1965,2631.97
col,1966,2626.22
col,1967,2620.48
col,1968,2614.76
col,1969,2609.04
col,1970,2603.34
col,1971,2591.69
col,1972,2580.09
col,1973,2568.55
col,1974,2556.91
col,1975,2545.32
col,1976,2533.79
col,1977,2522.3
col,1978,2510.87
col,1979,2499.5
col,1980,2488.17
col,1981,2475.24
col,1982,2462.38
col,1983,2449.58
col,1984,2436.85
col,1985,2424.19
col,1986,2411.6
col,1987,2399.06
col,1988,2386.6
col,1989,2374.2
col,1990,2362.2
col,1991,2350.17
col,1992,2338.21
col,1993,2353.75
col,1994,2369.4
col,1995,2363.68
col,1996,2357.97
col,1997,2352.28
col,1998,2346.6
col,1999,2346.6
col,2000,2346.6
col,2001,2346.6
col,2002,2438.13
col,2003,2418.88
col,2004,2404.5
col,2005,2416.1
col,2006,2444.57
col,2007,2473.38
col,2008,2502.52
col,2009,2460.84
col,2010,2453.9
col,2011,2435.02
col,2012,2419.69
col,2013,2413.49
col,2014,2405.14
col,2015,2395.83
col,2016,2392.21
col,2017,2376.43
col,2018,2385.94
col,2019,2382.61
col,2020,2069.44
col,2021,2405.39
col,2022,2503.57
col,2023,2470.61
cri,1987,2371.75
cri,1988,2351.57
cri,1989,2313.1
cri,1990,2363.54
cri,1991,2278.26
cri,1992,2364.55
cri,1993,2352.42
cri,1994,2376.11
cri,1995,2350.71
cri,1996,2392.57
cri,1997,2371.21
cri,1998,2362.28
cri,1999,2376.17
cri,2000,2367.58
cri,2001,2335.04
cri,2002,2362.7
cri,2003,2356.13
cri,2004,2375.4
cri,2005,2357.85
cri,2006,2365.61
cri,2007,2392.57
cri,2008,2397.88
cri,2009,2354.24
cri,2010,2249.27
cri,2011,2289.89
cri,2012,2242.6
cri,2013,2156.56
cri,2014,2135.53
cri,2015,2156.91
cri,2016,2212.38
cri,2017,2185.28
cri,2018,2127.99
cri,2019,2069.25
cri,2020,1929.48
cri,2021,2080.56
cri,2022,2155.99
cri,2023,2176.92
cyp,1995,1899.57
cyp,1996,1898.53
cyp,1997,1906.28
cyp,1998,1912.54
cyp,1999,1919.71
cyp,2000,1926.39
cyp,2001,1950.89
cyp,2002,1923.21
cyp,2003,1916.04
cyp,2004,1878.58
cyp,2005,1847.3
cyp,2006,1832.92
cyp,2007,1862.06
cyp,2008,1867.72
cyp,2009,1847.1
cyp,2010,1845.0
cyp,2011,1847.27
cyp,2012,1845.27
cyp,2013,1810.28
cyp,2014,1815.43
cyp,2015,1824.33
cyp,2016,1839.68
cyp,2017,1821.45
cyp,2018,1806.56
cyp,2019,1812.65
cyp,2020,1725.32
cyp,2021,1817.6
cyp,2022,1836.27
cyp,2023,1839.56
cze,1993,1856.79
cze,1994,1838.79
cze,1995,1831.49
cze,1996,1829.35
cze,1997,1837.64
cze,1998,1860.95
cze,1999,1890.65
cze,2000,1900.41
cze,2001,1823.26
cze,2002,1812.36
cze,2003,1799.21
cze,2004,1813.59
cze,2005,1802.68
cze,2006,1789.1
cze,2007,1774.68
cze,2008,1789.28
cze,2009,1779.33
cze,2010,1798.81
cze,2011,1804.78
cze,2012,1774.42
cze,2013,1761.22
cze,2014,1771.8
cze,2015,1749.72
cze,2016,1773.19
cze,2017,1775.64
cze,2018,1783.56
cze,2019,1783.15
cze,2020,1672.85
cze,2021,1721.58
cze,2022,1779.41
cze,2023,1774.15
deu,1950,2427.4
deu,1951,2401.56
deu,1952,2376.01
deu,1953,2350.72
deu,1954,2325.7
deu,1955,2300.95
deu,1956,2276.47
deu,1957,2252.24
deu,1958,2228.27
deu,1959,2204.56
deu,1960,2181.09
deu,1961,2154.48
deu,1962,2117.37
deu,1963,2086.93
deu,1964,2098.42
deu,1965,2084.2
deu,1966,2057.89
deu,1967,2020.18
deu,1968,2007.68
deu,1969,1987.92
deu,1970,1972.49
deu,1971,1940.53
deu,1972,1915.43
deu,1973,1884.88
deu,1974,1851.61
deu,1975,1811.88
deu,1976,1824.28
deu,1977,1806.23
deu,1978,1787.18
deu,1979,1775.14
deu,1980,1756.09
deu,1981,1734.02
deu,1982,1722.99
deu,1983,1709.95
deu,1984,1698.92
deu,1985,1675.85
deu,1986,1656.8
deu,1987,1633.73
deu,1988,1628.72
deu,1989,1605.65
deu,1990,1582.58
deu,1991,1553.5
deu,1992,1564.87
deu,1993,1538.69
deu,1994,1534.25
deu,1995,1528.9
deu,1996,1515.5
deu,1997,1506.16
deu,1998,1503.01
deu,1999,1490.27
deu,2000,1464.53
deu,2001,1457.35
deu,2002,1448.34
deu,2003,1443.07
deu,2004,1442.65
deu,2005,1431.89
deu,2006,1452.42
deu,2007,1453.86
deu,2008,1446.89
deu,2009,1406.77
deu,2010,1425.37
deu,2011,1427.18
deu,2012,1406.0
deu,2013,1395.73
deu,2014,1400.01
deu,2015,1401.59
deu,2016,1395.83
deu,2017,1388.21
deu,2018,1380.72
deu,2019,1372.04
deu,2020,1313.57
deu,2021,1341.88
deu,2022,1340.14
deu,2023,1335.27
dnk,1950,2049.51
dnk,1951,2035.06
dnk,1952,2020.71
dnk,1953,2006.45
dnk,1954,1992.3
dnk,1955,1978.25
dnk,1956,1964.3
dnk,1957,1950.45
dnk,1958,1936.69
dnk,1959,1923.03
dnk,1960,1909.47
dnk,1961,1921.42
dnk,1962,1933.45
dnk,1963,1945.55
dnk,1964,1957.73
dnk,1965,1969.98
dnk,1966,1982.31
dnk,1967,1953.71
dnk,1968,1909.21
dnk,1969,1869.71
dnk,1970,1845.31
dnk,1971,1809.71
dnk,1972,1751.81
dnk,1973,1709.51
dnk,1974,1691.51
dnk,1975,1616.51
dnk,1976,1623.54
dnk,1977,1598.43
dnk,1978,1575.16
dnk,1979,1563.84
dnk,1980,1577.44
dnk,1981,1546.4
dnk,1982,1552.84
dnk,1983,1545.96
dnk,1984,1540.84
dnk,1985,1527.47
dnk,1986,1530.95
dnk,1987,1493.03
dnk,1988,1471.17
dnk,1989,1454.95
dnk,1990,1440.5
dnk,1991,1437.31
dnk,1992,1452.37
dnk,1993,1448.92
dnk,1994,1406.66
dnk,1995,1419.14
dnk,1996,1412.26
dnk,1997,1428.09
dnk,1998,1441.13
dnk,1999,1456.5
dnk,2000,1465.94
dnk,2001,1468.68
dnk,2002,1462.58
dnk,2003,1457.83
dnk,2004,1458.08
dnk,2005,1451.36
dnk,2006,1455.7
dnk,2007,1432.77
dnk,2008,1429.97
dnk,2009,1416.87
dnk,2010,1422.29
dnk,2011,1436.84
dnk,2012,1423.27
dnk,2013,1425.75
dnk,2014,1413.66
dnk,2015,1406.89
dnk,2016,1412.02
dnk,2017,1404.07
dnk,2018,1380.78
dnk,2019,1372.39
dnk,2020,1340.6
dnk,2021,1388.91
dnk,2022,1385.05
dnk,2023,1379.94
dom,1990,2171.7
dom,1991,2169.5
dom,1992,2140.26
dom,1993,2233.49
dom,1994,2215.7
dom,1995,2234.45
dom,1996,2206.33
dom,1997,2223.51
dom,1998,2283.07
dom,1999,2303.46
dom,2000,2206.57
dom,2001,2187.6
dom,2002,2137.66
dom,2003,2130.04
dom,2004,2151.76
dom,2005,2153.19
dom,2006,2123.36
dom,2007,2132.86
dom,2008,2131.67
dom,2009,2131.33
dom,2010,2114.77
dom,2011,2107.81
dom,2012,2114.5
dom,2013,2122.63
dom,2014,2181.51
dom,2015,2156.6
dom,2016,2142.1
dom,2017,2126.67
dom,2018,2109.65
dom,2019,2070.54
dom,2020,1801.03
dom,2021,2052.63
dom,2022,2057.7
dom,2023,2072.15
dza,2005,2257.35
dza,2006,2249.99
dza,2007,2246.43
dza,2008,2238.55
dza,2009,2233.13
dza,2010,2227.61
dza,2011,2221.95
dza,2012,2209.09
dza,2013,2195.31
dza,2014,2194.4
dza,2015,2223.7
dza,2016,2250.16
dza,2017,2272.41
dza,2018,2261.34
dza,2019,2252.6
dza,2020,2122.02
dza,2021,2200.77
dza,2022,2237.79
dza,2023,2232.41
ecu,1995,1943.0
ecu,1996,1936.31
ecu,1997,1929.64
ecu,1998,1923.0
ecu,1999,1788.7
ecu,2000,1800.23
ecu,2001,1811.82
ecu,2002,1823.49
ecu,2003,1835.24
ecu,2004,1782.72
ecu,2005,1808.51
ecu,2006,1772.75
ecu,2007,1729.05
ecu,2008,1758.1
ecu,2009,1734.47
ecu,2010,1719.46
ecu,2011,1699.53
ecu,2012,1664.73
ecu,2013,1661.25
ecu,2014,1649.27
ecu,2015,1620.2
ecu,2016,1572.31
ecu,2017,1566.36
ecu,2018,1568.14
ecu,2019,1551.64
ecu,2020,1483.37
ecu,2021,1570.01
ecu,2022,1592.91
ecu,2023,1593.77
egy,2005,2350.27
egy,2006,2356.56
egy,2007,2356.48
egy,2008,2364.28
egy,2009,2408.25
egy,2010,2412.97
egy,2011,2346.53
egy,2012,2352.56
egy,2013,2360.88
egy,2014,2377.97
egy,2015,2398.74
egy,2016,2249.63
egy,2017,2296.2
egy,2018,2369.46
egy,2019,2404.45
egy,2020,2159.05
egy,2021,2232.93
egy,2022,2368.25
egy,2023,2368.51
esp,1950,2205.05
esp,1951,2200.88
esp,1952,2196.82
esp,1953,2192.87
esp,1954,2209.89
esp,1955,2191.84
esp,1956,2175.73
esp,1957,2160.69
esp,1958,2146.08
esp,1959,2135.55
esp,1960,2126.31
esp,1961,2108.09
esp,1962,2090.92
esp,1963,2074.02
esp,1964,2028.38
esp,1965,2020.67
esp,1966,2022.06
esp,1967,2030.89
esp,1968,1993.21
esp,1969,1984.97
esp,1970,1992.91
esp,1971,1993.01
esp,1972,1988.91
esp,1973,1977.11
esp,1974,1983.21
esp,1975,1993.01
esp,1976,2000.21
esp,1977,1997.51
esp,1978,1970.31
esp,1979,1926.71
esp,1980,1914.91
esp,1981,1880.91
esp,1982,1859.81
esp,1983,1827.71
esp,1984,1783.71
esp,1985,1773.81
esp,1986,1765.71
esp,1987,1757.71
esp,1988,1753.71
esp,1989,1741.71
esp,1990,1743.61
esp,1991,1752.61
esp,1992,1744.71
esp,1993,1736.71
esp,1994,1735.61
esp,1995,1735.91
esp,1996,1740.43
esp,1997,1743.21
esp,1998,1752.44
esp,1999,1758.4
esp,2000,1753.09
esp,2001,1762.65
esp,2002,1762.22
esp,2003,1751.27
esp,2004,1735.05
esp,2005,1717.97
esp,2006,1707.05
esp,2007,1694.87
esp,2008,1705.07
esp,2009,1711.16
esp,2010,1703.21
esp,2011,1708.59
esp,2012,1699.22
esp,2013,1688.11
esp,2014,1688.15
esp,2015,1689.96
esp,2016,1696.84
esp,2017,1688.79
esp,2018,1693.5
esp,2019,1678.23
esp,2020,1562.68
esp,2021,1633.47
esp,2022,1653.44
esp,2023,1637.99
est,1995,1940.07
est,1996,1938.82
est,1997,1923.82
est,1998,1962.64
est,1999,1926.46
est,2000,1883.54
est,2001,1876.52
est,2002,1878.6
est,2003,1883.98
est,2004,1891.72
est,2005,1912.59
est,2006,1905.56
est,2007,1903.17
est,2008,1873.92
est,2009,1744.76
est,2010,1785.29
est,2011,1827.35
est,2012,1795.75
est,2013,1776.85
est,2014,1770.75
est,2015,1763.31
est,2016,1766.72
est,2017,1768.13
est,2018,1707.3
est,2019,1694.29
est,2020,1637.23
est,2021,1625.45
est,2022,1601.72
est,2023,1605.74
eth,2005,1478.6
eth,2006,1487.81
eth,2007,1497.35
eth,2008,1507.76
eth,2009,1517.98
eth,2010,1528.85
eth,2011,1539.6
eth,2012,1550.29
eth,2013,1561.16
eth,2014,1562.35
eth,2015,1563.7
eth,2016,1564.91
eth,2017,1566.4
eth,2018,1567.6
eth,2019,1569.3
eth,2020,1456.36
eth,2021,1551.35
eth,2022,1595.83
eth,2023,1599.42
fin,1950,1991.22
fin,1951,1991.8
fin,1952,1992.39
fin,1953,1992.98
fin,1954,1993.56
fin,1955,1994.15
fin,1956,1994.74
fin,1957,1995.33
fin,1958,1995.91
fin,1959,1996.5
fin,1960,1997.09
fin,1961,1996.12
fin,1962,1989.34
fin,1963,1985.46
fin,1964,2010.65
fin,1965,2010.65
fin,1966,1986.43
fin,1967,1969.96
fin,1968,1954.45
fin,1969,1936.04
fin,1970,1920.54
fin,1971,1886.62
fin,1972,1871.12
fin,1973,1855.62
fin,1974,1849.8
fin,1975,1781.36
fin,1976,1778.53
fin,1977,1770.75
fin,1978,1775.84
fin,1979,1753.22
fin,1980,1734.5
fin,1981,1728.45
fin,1982,1721.32
fin,1983,1711.35
fin,1984,1707.23
fin,1985,1701.42
fin,1986,1685.36
fin,1987,1692.11
fin,1988,1695.64
fin,1989,1695.76
fin,1990,1672.89
fin,1991,1654.39
fin,1992,1653.53
fin,1993,1652.97
fin,1994,1673.29
fin,1995,1678.73
fin,1996,1677.3
fin,1997,1673.24
fin,1998,1663.28
fin,1999,1662.93
fin,2000,1651.85
fin,2001,1637.51
fin,2002,1630.32
fin,2003,1624.43
fin,2004,1625.67
fin,2005,1615.34
fin,2006,1610.21
fin,2007,1606.61
fin,2008,1602.52
fin,2009,1581.9
fin,2010,1587.65
fin,2011,1579.65
fin,2012,1567.93
fin,2013,1560.49
fin,2014,1556.48
fin,2015,1554.89
fin,2016,1554.67
fin,2017,1548.45
fin,2018,1546.65
fin,2019,1536.44
fin,2020,1528.76
fin,2021,1526.75
fin,2022,1512.55
fin,2023,1496.85
fra,1950,2350.96
fra,1951,2360.52
fra,1952,2338.83
fra,1953,2313.31
fra,1954,2316.43
fra,1955,2292.05
fra,1956,2236.06
fra,1957,2199.61
fra,1958,2179.39
fra,1959,2179.25
fra,1960,2188.48
fra,1961,2165.19
fra,1962,2177.77
fra,1963,2159.34
fra,1964,2166.15
fra,1965,2153.16
fra,1966,2144.57
fra,1967,2110.47
fra,1968,2086.6
fra,1969,2011.95
fra,1970,1992.51
fra,1971,1989.73
fra,1972,1936.63
fra,1973,1920.43
fra,1974,1888.47
fra,1975,1862.6
fra,1976,1888.89
fra,1977,1850.33
fra,1978,1788.95
fra,1979,1785.07
fra,1980,1775.7
fra,1981,1755.08
fra,1982,1683.14
fra,1983,1664.87
fra,1984,1656.77
fra,1985,1622.99
fra,1986,1618.78
fra,1987,1630.4
fra,1988,1639.87
fra,1989,1625.75
fra,1990,1622.14
fra,1991,1614.51
fra,1992,1610.85
fra,1993,1602.17
fra,1994,1599.63
fra,1995,1579.08
fra,1996,1575.09
fra,1997,1573.89
fra,1998,1564.93
fra,1999,1560.67
fra,2000,1542.14
fra,2001,1523.13
fra,2002,1489.72
fra,2003,1493.36
fra,2004,1517.26
fra,2005,1518.59
fra,2006,1503.36
fra,2007,1525.35
fra,2008,1531.92
fra,2009,1520.03
fra,2010,1528.03
fra,2011,1533.7
fra,2012,1527.9
fra,2013,1512.8
fra,2014,1504.18
fra,2015,1504.33
fra,2016,1507.39
fra,2017,1492.04
fra,2018,1499.65
fra,2019,1504.38
fra,2020,1390.85
fra,2021,1468.61
fra,2022,1491.91
fra,2023,1487.1
gab,2005,2183.14
gab,2006,2183.08
gab,2007,2176.8
gab,2008,2178.86
gab,2009,2152.56
gab,2010,2160.69
gab,2011,2155.58
gab,2012,2147.74
gab,2013,2145.49
gab,2014,2145.92
gab,2015,2150.32
gab,2016,2157.67
gab,2017,2170.58
gab,2018,2187.4
gab,2019,2183.02
gab,2020,2121.16
gab,2021,2164.48
gab,2022,2179.7
gab,2023,2174.15
gbr,1950,2022.62
gbr,1951,2030.69
gbr,1952,2001.24
gbr,1953,2004.87
gbr,1954,2008.71
gbr,1955,2007.26
gbr,1956,1994.68
gbr,1957,1974.74
gbr,1958,1947.15
gbr,1959,1956.21
gbr,1960,1948.19
gbr,1961,1914.14
gbr,1962,1879.16
gbr,1963,1871.34
gbr,1964,1871.56
gbr,1965,1850.01
gbr,1966,1798.18
gbr,1967,1786.99
gbr,1968,1780.21
gbr,1969,1771.32
gbr,1970,1732.69
gbr,1971,1694.95
gbr,1972,1714.61
gbr,1973,1722.84
gbr,1974,1708.99
gbr,1975,1680.07
gbr,1976,1673.54
gbr,1977,1682.71
gbr,1978,1683.74
gbr,1979,1681.38
gbr,1980,1653.51
gbr,1981,1619.91
gbr,1982,1616.49
gbr,1983,1611.05
gbr,1984,1616.8
gbr,1985,1618.95
gbr,1986,1614.0
gbr,1987,1618.48
gbr,1988,1625.11
gbr,1989,1628.65
gbr,1990,1616.97
gbr,1991,1593.45
gbr,1992,1587.69
gbr,1993,1583.98
gbr,1994,1593.49
gbr,1995,1595.38
gbr,1996,1594.88
gbr,1997,1594.05
gbr,1998,1590.17
gbr,1999,1582.4
gbr,2000,1567.9
gbr,2001,1570.7
gbr,2002,1554.57
gbr,2003,1546.06
gbr,2004,1543.6
gbr,2005,1546.39
gbr,2006,1541.07
gbr,2007,1542.77
gbr,2008,1537.81
gbr,2009,1517.31
gbr,2010,1521.83
gbr,2011,1518.52
gbr,2012,1531.42
gbr,2013,1540.17
gbr,2014,1545.64
gbr,2015,1543.13
gbr,2016,1541.27
gbr,2017,1542.26
gbr,2018,1537.13
gbr,2019,1544.63
gbr,2020,1391.63
gbr,2021,1489.71
gbr,2022,1528.88
gbr,2023,1522.8
geo,2005,1874.01
geo,2006,1865.73
geo,2007,1872.41
geo,2008,1868.01
geo,2009,1862.72
geo,2010,1859.92
geo,2011,1857.19
geo,2012,1849.78
geo,2013,1843.61
geo,2014,1838.97
geo,2015,1831.16
geo,2016,1834.11
geo,2017,1838.8
geo,2018,1954.57
geo,2019,1963.02
geo,2020,1821.22
geo,2021,1917.43
geo,2022,1936.3
geo,2023,1931.53
gha,2005,1736.82
gha,2006,1737.41
gha,2007,1733.3
gha,2008,1729.94
gha,2009,1725.75
gha,2010,1722.13
gha,2011,1720.97
gha,2012,1719.31
gha,2013,1718.33
gha,2014,1716.99
gha,2015,1716.71
gha,2016,1706.99
gha,2017,1700.14
gha,2018,1690.53
gha,2019,1680.87
gha,2020,1629.93
gha,2021,1657.02
gha,2022,1653.38
gha,2023,1655.62
grc,1951,2329.28
grc,1952,2319.65
grc,1953,2310.06
grc,1954,2300.5
grc,1955,2290.99
grc,1956,2281.52
grc,1957,2272.08
grc,1958,2262.69
grc,1959,2253.33
grc,1960,2244.01
grc,1961,2234.04
grc,1962,2224.11
grc,1963,2214.22
grc,1964,2204.38
grc,1965,2194.58
grc,1966,2184.83
grc,1967,2175.12
grc,1968,2165.45
grc,1969,2155.83
grc,1970,2113.83
grc,1971,2114.79
grc,1972,2116.29
grc,1973,2117.76
grc,1974,2119.18
grc,1975,2120.56
grc,1976,2121.91
grc,1977,2123.2
grc,1978,2124.87
grc,1979,2126.32
grc,1980,2126.98
grc,1981,2127.06
grc,1982,2126.67
grc,1983,2124.12
grc,1984,2053.22
grc,1985,2070.75
grc,1986,2059.09
grc,1987,2017.29
grc,1988,2005.63
grc,1989,2047.43
grc,1990,2025.06
grc,1991,2055.21
grc,1992,2082.41
grc,1993,2102.79
grc,1994,2068.76
grc,1995,2051.04
grc,1996,2048.76
grc,1997,2045.33
grc,1998,2044.83
grc,1999,2039.83
grc,2000,2038.49
grc,2001,2030.53
grc,2002,2020.42
grc,2003,2018.74
grc,2004,2003.18
grc,2005,2052.15
grc,2006,2036.77
grc,2007,2025.49
grc,2008,2013.1
grc,2009,1989.25
grc,2010,1931.08
grc,2011,1950.22
grc,2012,1989.93
grc,2013,1996.6
grc,2014,1949.33
grc,2015,1934.99
grc,2016,1942.73
grc,2017,1946.94
grc,2018,1961.08
grc,2019,1917.59
grc,2020,1735.43
grc,2021,1853.8
grc,2022,1881.75
grc,2023,1893.06
gtm,2005,2096.77
gtm,2006,2104.54
gtm,2007,2089.19
gtm,2008,2085.92
gtm,2009,2076.41
gtm,2010,2069.48
gtm,2011,2058.93
gtm,2012,2050.85
gtm,2013,2064.24
gtm,2014,2077.93
gtm,2015,2119.34
gtm,2016,2138.18
gtm,2017,2089.55
gtm,2018,2090.09
gtm,2019,2119.64
gtm,2020,2071.07
gtm,2021,2091.13
gtm,2022,2063.81
gtm,2023,2150.62
hkg,1960,2830.87
hkg,1961,2809.88
hkg,1962,2789.06
hkg,1963,2768.39
hkg,1964,2747.87
hkg,1965,2727.5
hkg,1966,2707.28
hkg,1967,2687.22
hkg,1968,2667.3
hkg,1969,2647.53
hkg,1970,2627.91
hkg,1971,2626.57
hkg,1972,2624.87
hkg,1973,2623.23
hkg,1974,2621.89
hkg,1975,2620.96
hkg,1976,2617.21
hkg,1977,2606.24
hkg,1978,2595.7
hkg,1979,2586.39
hkg,1980,2574.84
hkg,1981,2563.28
hkg,1982,2537.81
hkg,1983,2505.76
hkg,1984,2475.64
hkg,1985,2448.87
hkg,1986,2453.2
hkg,1987,2415.84
hkg,1988,2465.87
hkg,1989,2405.16
hkg,1990,2368.25
hkg,1991,2400.87
hkg,1992,2311.76
hkg,1993,2378.06
hkg,1994,2382.19
hkg,1995,2343.65
hkg,1996,2395.01
hkg,1997,2346.73
hkg,1998,2348.12
hkg,1999,2392.58
hkg,2000,2422.45
hkg,2001,2417.97
hkg,2002,2435.72
hkg,2003,2422.69
hkg,2004,2447.09
hkg,2005,2438.79
hkg,2006,2407.58
hkg,2007,2423.22
hkg,2008,2371.21
hkg,2009,2340.03
hkg,2010,2391.98
hkg,2011,2365.35
hkg,2012,2340.0
hkg,2013,2288.01
hkg,2014,2287.97
hkg,2015,2288.0
hkg,2016,2236.0
hkg,2017,2235.07
hkg,2018,2233.79
hkg,2019,2231.18
hkg,2020,2168.77
hkg,2021,2217.66
hkg,2022,2238.71
hkg,2023,2240.49
hrv,1995,1923.25
hrv,1996,1923.2
hrv,1997,1923.19
hrv,1998,1923.1
hrv,1999,1923.14
hrv,2000,1921.52
hrv,2001,1922.71
hrv,2002,1922.94
hrv,2003,1923.89
hrv,2004,1925.68
hrv,2005,1925.56
hrv,2006,1927.67
hrv,2007,1929.67
hrv,2008,1931.17
hrv,2009,1927.96
hrv,2010,1941.84
hrv,2011,1939.25
hrv,2012,1922.98
hrv,2013,1908.49
hrv,2014,1890.61
hrv,2015,1826.64
hrv,2016,1834.4
hrv,2017,1823.6
hrv,2018,1811.06
hrv,2019,1995.75
hrv,2020,1975.55
hrv,2021,1970.4
hrv,2022,1963.43
hrv,2023,1974.04
hun,1980,2132.18
hun,1981,2131.2
hun,1982,2040.82
hun,1983,2021.39
hun,1984,1951.42
hun,1985,1925.18
hun,1986,1916.43
hun,1987,1959.19
hun,1988,1953.36
hun,1989,1929.06
hun,1990,1890.19
hun,1991,1859.09
hun,1992,1817.31
hun,1993,1817.31
hun,1994,1944.61
hun,1995,1949.47
hun,1996,1947.55
hun,1997,1955.76
hun,1998,1946.41
hun,1999,1953.86
hun,2000,1933.63
hun,2001,1898.84
hun,2002,1884.63
hun,2003,1857.09
hun,2004,1859.2
hun,2005,1834.57
hun,2006,1814.36
hun,2007,1788.11
hun,2008,1791.66
hun,2009,1758.65
hun,2010,1766.88
hun,2011,1754.22
hun,2012,1738.77
hun,2013,1733.94
hun,2014,1748.94
hun,2015,1746.17
hun,2016,1760.72
hun,2017,1746.41
hun,2018,1729.06
hun,2019,1721.13
hun,2020,1657.7
hun,2021,1689.43
hun,2022,1698.45
hun,2023,1668.16
idn,1970,1838.53
idn,1971,1840.56
idn,1972,1843.24
idn,1973,1846.18
idn,1974,1849.39
idn,1975,1852.88
idn,1976,1857.54
idn,1977,1872.91
idn,1978,1845.72
idn,1979,1859.52
idn,1980,1874.57
idn,1981,1872.55
idn,1982,1869.95
idn,1983,1873.72
idn,1984,1878.23
idn,1985,1884.03
idn,1986,1882.91
idn,1987,1885.14
idn,1988,1881.35
idn,1989,1886.53
idn,1990,1904.45
idn,1991,1923.46
idn,1992,1890.8
idn,1993,1892.51
idn,1994,1924.6
idn,1995,1923.06
idn,1996,1912.35
idn,1997,1918.5
idn,1998,1971.01
idn,1999,1986.55
idn,2000,1993.82
idn,2001,2036.02
idn,2002,2008.69
idn,2003,2035.72
idn,2004,2062.14
idn,2005,2039.42
idn,2006,2051.53
idn,2007,2074.67
idn,2008,2049.03
idn,2009,2044.74
idn,2010,2062.62
idn,2011,2036.66
idn,2012,2009.59
idn,2013,1930.06
idn,2014,1999.47
idn,2015,2042.06
idn,2016,2040.01
idn,2017,2034.26
idn,2018,1987.54
idn,2019,1982.2
idn,2020,1935.7
idn,2021,1899.37
idn,2022,1955.58
idn,2023,1958.47
ind,1970,2434.08
ind,1971,2433.83
ind,1972,2433.23
ind,1973,2431.21
ind,1974,2428.33
ind,1975,2425.63
ind,1976,2422.29
ind,1977,2420.23
ind,1978,2419.11
ind,1979,2418.9
ind,1980,2418.67
ind,1981,2418.22
ind,1982,2418.9
ind,1983,2420.08
ind,1984,2421.98
ind,1985,2424.25
ind,1986,2426.61
ind,1987,2428.63
ind,1988,2431.96
ind,1989,2435.57
ind,1990,2436.0
ind,1991,2437.01
ind,1992,2434.22
ind,1993,2433.01
ind,1994,2432.79
ind,1995,2434.43
ind,1996,2437.64
ind,1997,2437.14
ind,1998,2438.74
ind,1999,2440.93
ind,2000,2445.67
ind,2001,2445.86
ind,2002,2448.33
ind,2003,2451.92
ind,2004,2456.25
ind,2005,2457.62
ind,2006,2455.16
ind,2007,2459.84
ind,2008,2481.02
ind,2009,2502.14
ind,2010,2506.39
ind,2011,2520.99
ind,2012,2543.57
ind,2013,2549.38
ind,2014,2569.75
ind,2015,2573.29
ind,2016,2570.46
ind,2017,2579.52
ind,2018,2593.84
ind,2019,2605.39
ind,2020,2527.62
ind,2021,2480.02
ind,2022,2430.39
ind,2023,2382.58
irl,1950,2445.34
irl,1951,2433.38
irl,1952,2421.47
irl,1953,2409.63
irl,1954,2397.84
irl,1955,2386.11
irl,1956,2374.43
irl,1957,2362.82
irl,1958,2351.26
irl,1959,2339.76
irl,1960,2328.31
irl,1961,2331.33
irl,1962,2334.36
irl,1963,2337.4
irl,1964,2340.44
irl,1965,2343.48
irl,1966,2346.52
irl,1967,2349.57
irl,1968,2352.63
irl,1969,2355.68
irl,1970,2358.74
irl,1971,2341.56
irl,1972,2321.2
irl,1973,2308.51
irl,1974,2271.76
irl,1975,2261.71
irl,1976,2256.16
irl,1977,2226.28
irl,1978,2206.45
irl,1979,2184.5
irl,1980,2144.84
irl,1981,2113.11
irl,1982,2105.71
irl,1983,2095.4
irl,1984,2077.16
irl,1985,2084.29
irl,1986,2119.2
irl,1987,2098.31
irl,1988,2106.77
irl,1989,2114.17
irl,1990,2102.54
irl,1991,2067.11
irl,1992,2018.19
irl,1993,1991.22
irl,1994,1991.49
irl,1995,1983.03
irl,1996,1964.72
irl,1997,1940.34
irl,1998,1917.42
irl,1999,1905.63
irl,2000,1893.23
irl,2001,1871.06
irl,2002,1855.31
irl,2003,1823.29
irl,2004,1809.22
irl,2005,1810.58
irl,2006,1790.13
irl,2007,1764.87
irl,2008,1730.52
irl,2009,1677.95
irl,2010,1680.74
irl,2011,1683.32
irl,2012,1678.28
irl,2013,1696.57
irl,2014,1707.49
irl,2015,1699.26
irl,2016,1722.72
irl,2017,1745.29
irl,2018,1758.46
irl,2019,1760.02
irl,2020,1635.62
irl,2021,1650.4
irl,2022,1682.55
irl,2023,1654.04
irn,2005,2430.84
irn,2006,2473.18
irn,2007,2485.97
irn,2008,2471.55
irn,2009,2373.71
irn,2010,2359.33
irn,2011,2372.64
irn,2012,2376.94
irn,2013,2354.65
irn,2014,2303.7
irn,2015,2347.41
irn,2016,2254.43
irn,2017,2319.32
irn,2018,2246.55
irn,2019,2320.12
irn,2020,2205.8
irn,2021,2282.68
irn,2022,2251.26
irn,2023,2246.08
irq,2005,1954.1
irq,2006,1945.39
irq,2007,1943.89
irq,2008,1916.63
irq,2009,1890.27
irq,2010,1866.28
irq,2011,1840.81
irq,2012,1815.34
irq,2013,1790.97
irq,2014,1764.33
irq,2015,1740.61
irq,2016,1719.03
irq,2017,1683.24
irq,2018,1656.06
irq,2019,1633.6
irq,2020,1581.58
irq,2021,1576.22
irq,2022,1586.3
irq,2023,1583.22
isl,1964,2139.42
isl,1965,2116.13
isl,1966,2103.81
isl,1967,2068.0
isl,1968,2020.87
isl,1969,1992.36
isl,1970,1974.92
isl,1971,1936.53
isl,1972,1903.51
isl,1973,1886.13
isl,1974,1861.45
isl,1975,1836.73
isl,1976,1809.27
isl,1977,1767.23
isl,1978,1728.75
isl,1979,1715.89
isl,1980,1705.82
isl,1981,1699.41
isl,1982,1702.14
isl,1983,1702.15
isl,1984,1700.32
isl,1985,1699.41
isl,1986,1692.1
isl,1987,1690.24
isl,1988,1697.57
isl,1989,1693.02
isl,1990,1682.95
isl,1991,1686.55
isl,1992,1686.55
isl,1993,1701.67
isl,1994,1673.1
isl,1995,1659.66
isl,1996,1677.3
isl,1997,1702.51
isl,1998,1683.19
isl,1999,1663.02
isl,2000,1714.28
isl,2001,1725.2
isl,2002,1690.75
isl,2003,1657.14
isl,2004,1663.86
isl,2005,1655.46
isl,2006,1645.37
isl,2007,1623.52
isl,2008,1625.2
isl,2009,1536.39
isl,2010,1527.85
isl,2011,1537.68
isl,2012,1523.06
isl,2013,1524.13
isl,2014,1513.44
isl,2015,1511.4
isl,2016,1519.99
isl,2017,1507.08
isl,2018,1496.46
isl,2019,1480.15
isl,2020,1464.42
isl,2021,1460.39
isl,2022,1459.89
isl,2023,1451.99
isr,1981,1976.61
isr,1982,2032.46
isr,1983,2034.56
isr,1984,2076.71
isr,1985,2102.0
isr,1986,2125.81
isr,1987,2136.35
isr,1988,2110.75
isr,1989,2111.06
isr,1990,2125.71
isr,1991,2085.04
isr,1992,2100.42
isr,1993,2079.98
isr,1994,2046.26
isr,1995,2034.56
isr,1996,2058.07
isr,1997,2046.71
isr,1998,2022.18
isr,1999,2023.15
isr,2000,2026.9
isr,2001,1966.31
isr,2002,1971.49
isr,2003,1950.39
isr,2004,1941.95
isr,2005,1936.17
isr,2006,1930.76
isr,2007,1944.89
isr,2008,1948.9
isr,2009,1943.17
isr,2010,1939.01
isr,2011,1940.07
isr,2012,1921.0
isr,2013,1917.56
isr,2014,1910.48
isr,2015,1909.51
isr,2016,1936.31
isr,2017,1932.07
isr,2018,1926.48
isr,2019,1907.12
isr,2020,1775.49
isr,2021,1873.47
isr,2022,1890.0
isr,2023,1890.21
ita,1950,2072.71
ita,1951,2079.05
ita,1952,2085.42
ita,1953,2091.81
ita,1954,2098.21
ita,1955,2104.64
ita,1956,2111.08
ita,1957,2117.55
ita,1958,2124.03
ita,1959,2130.53
ita,1960,2137.06
ita,1961,2120.59
ita,1962,2072.13
ita,1963,2057.58
ita,1964,2051.53
ita,1965,1994.67
ita,1966,2013.07
ita,1967,2037.2
ita,1968,2030.84
ita,1969,2029.74
ita,1970,2008.75
ita,1971,1957.13
ita,1972,1938.58
ita,1973,1922.6
ita,1974,1892.53
ita,1975,1877.26
ita,1976,1875.2
ita,1977,1840.92
ita,1978,1831.04
ita,1979,1824.62
ita,1980,1825.64
ita,1981,1828.97
ita,1982,1839.07
ita,1983,1843.8
ita,1984,1832.95
ita,1985,1826.88
ita,1986,1839.21
ita,1987,1853.65
ita,1988,1861.24
ita,1989,1849.17
ita,1990,1832.68
ita,1991,1823.87
ita,1992,1826.86
ita,1993,1827.0
ita,1994,1826.69
ita,1995,1832.5
ita,1996,1841.44
ita,1997,1835.32
ita,1998,1849.67
ita,1999,1847.12
ita,2000,1827.7
ita,2001,1818.17
ita,2002,1801.0
ita,2003,1784.35
ita,2004,1783.56
ita,2005,1779.86
ita,2006,1781.11
ita,2007,1786.21
ita,2008,1775.38
ita,2009,1742.56
ita,2010,1743.24
ita,2011,1739.03
ita,2012,1700.63
ita,2013,1687.48
ita,2014,1685.58
ita,2015,1688.08
ita,2016,1692.14
ita,2017,1690.7
ita,2018,1690.24
ita,2019,1680.49
ita,2020,1513.93
ita,2021,1653.03
ita,2022,1691.25
ita,2023,1701.42
jam,1986,1864.82
jam,1987,1893.67
jam,1988,1915.0
jam,1989,1972.91
jam,1990,1938.22
jam,1991,1947.97
jam,1992,1963.45
jam,1993,1951.13
jam,1994,1958.88
jam,1995,1948.52
jam,1996,1969.26
jam,1997,1963.95
jam,1998,1999.21
jam,1999,1983.45
jam,2000,1963.45
jam,2001,1970.64
jam,2002,1965.57
jam,2003,1965.57
jam,2004,1965.57
jam,2005,1965.57
jam,2006,1962.98
jam,2007,1963.35
jam,2008,1960.79
jam,2009,1946.28
jam,2010,1953.7
jam,2011,1928.62
jam,2012,1950.51
jam,2013,1923.52
jam,2014,1906.96
jam,2015,1918.43
jam,2016,1936.99
jam,2017,1942.34
jam,2018,1945.23
jam,2019,1952.05
jam,2020,1878.41
jam,2021,1903.5
jam,2022,1959.09
jam,2023,1962.72
jor,2005,2469.59
jor,2006,2472.0
jor,2007,2474.86
jor,2008,2477.67
jor,2009,2478.53
jor,2010,2477.04
jor,2011,2476.02
jor,2012,2474.15
jor,2013,2472.47
jor,2014,2468.57
jor,2015,2463.16
jor,2016,2459.26
jor,2017,2458.01
jor,2018,2421.46
jor,2019,2468.24
jor,2020,2473.98
jor,2021,2422.37
jor,2022,2481.04
jor,2023,2483.18
jpn,1950,2076.03
jpn,1951,2058.21
jpn,1952,2040.55
jpn,1953,2023.04
jpn,1954,2054.08
jpn,1955,2080.22
jpn,1956,2131.8
jpn,1957,2155.4
jpn,1958,2181.06
jpn,1959,2204.68
jpn,1960,2221.71
jpn,1961,2224.18
jpn,1962,2201.06
jpn,1963,2194.54
jpn,1964,2201.91
jpn,1965,2183.09
jpn,1966,2191.09
jpn,1967,2205.02
jpn,1968,2208.87
jpn,1969,2195.24
jpn,1970,2185.23
jpn,1971,2177.13
jpn,1972,2179.55
jpn,1973,2165.11
jpn,1974,2104.96
jpn,1975,2075.87
jpn,1976,2103.72
jpn,1977,2110.37
jpn,1978,2114.44
jpn,1979,2119.27
jpn,1980,2120.53
jpn,1981,2110.79
jpn,1982,2105.62
jpn,1983,2102.05
jpn,1984,2114.67
jpn,1985,2097.38
jpn,1986,2095.29
jpn,1987,2100.66
jpn,1988,2102.84
jpn,1989,2076.7
jpn,1990,2049.07
jpn,1991,2002.95
jpn,1992,1960.31
jpn,1993,1906.05
jpn,1994,1897.0
jpn,1995,1899.48
jpn,1996,1902.66
jpn,1997,1875.14
jpn,1998,1854.67
jpn,1999,1839.17
jpn,2000,1846.72
jpn,2001,1831.42
jpn,2002,1819.0
jpn,2003,1822.58
jpn,2004,1831.02
jpn,2005,1818.7
jpn,2006,1827.1
jpn,2007,1818.5
jpn,2008,1798.4
jpn,2009,1754.0
jpn,2010,1773.4
jpn,2011,1769.3
jpn,2012,1781.3
jpn,2013,1762.9
jpn,2014,1759.6
jpn,2015,1752.2
jpn,2016,1745.5
jpn,2017,1745.3
jpn,2018,1724.6
jpn,2019,1687.8
jpn,2020,1646.4
jpn,2021,1650.9
jpn,2022,1652.13
jpn,2023,1653.9
kaz,2005,1924.69
kaz,2006,1927.39
kaz,2007,1930.59
kaz,2008,1928.62
kaz,2009,1924.01
kaz,2010,1924.01
kaz,2011,1924.0
kaz,2012,1976.0
kaz,2013,2028.0
kaz,2014,2000.32
kaz,2015,1976.01
kaz,2016,1976.35
kaz,2017,1975.99
kaz,2018,1975.5
kaz,2019,1973.42
kaz,2020,1862.37
kaz,2021,1952.09
kaz,2022,1976.01
kaz,2023,1974.69
ken,2005,2025.15
ken,2006,2026.59
ken,2007,2028.24
ken,2008,2028.05
ken,2009,2028.97
ken,2010,2031.63
ken,2011,2034.07
ken,2012,2036.06
ken,2013,2038.29
ken,2014,2040.97
ken,2015,2043.9
ken,2016,2046.79
ken,2017,2042.29
ken,2018,2038.86
ken,2019,2034.79
ken,2020,1953.58
ken,2021,2012.29
ken,2022,2031.12
ken,2023,2034.65
kgz,2005,1537.41
kgz,2006,1553.59
kgz,2007,1560.67
kgz,2008,1563.17
kgz,2009,1567.35
kgz,2010,1570.49
kgz,2011,1610.24
kgz,2012,1635.55
kgz,2013,1638.16
kgz,2014,1673.29
kgz,2015,1699.43
kgz,2016,1728.89
kgz,2017,1771.33
kgz,2018,1796.99
kgz,2019,1834.78
kgz,2020,1653.02
kgz,2021,1790.09
kgz,2022,1826.31
kgz,2023,1830.13
khm,1970,2081.64
khm,1971,2080.22
khm,1972,2078.66
khm,1973,2077.15
khm,1974,2075.82
khm,1975,2074.8
khm,1976,2077.86
khm,1977,2081.99
khm,1978,2087.49
khm,1979,2094.68
khm,1980,2103.56
khm,1981,2105.8
khm,1982,2108.79
khm,1983,2112.0
khm,1984,2114.79
khm,1985,2117.0
khm,1986,2113.54
khm,1987,2109.46
khm,1988,2105.26
khm,1989,2101.61
khm,1990,2100.45
khm,1991,2102.69
khm,1992,2097.13
khm,1993,2111.61
khm,1994,2082.71
khm,1995,2108.37
khm,1996,2112.92
khm,1997,2122.88
khm,1998,2158.5
khm,1999,2183.7
khm,2000,2214.03
khm,2001,2237.32
khm,2002,2281.77
khm,2003,2281.1
khm,2004,2288.65
khm,2005,2288.12
khm,2006,2296.59
khm,2007,2304.36
khm,2008,2314.26
khm,2009,2315.72
khm,2010,2320.31
khm,2011,2327.57
khm,2012,2341.56
khm,2013,2350.09
khm,2014,2389.64
khm,2015,2393.6
khm,2016,2394.35
khm,2017,2384.45
khm,2018,2372.34
khm,2019,2360.77
khm,2020,2283.14
khm,2021,2380.12
khm,2022,2382.9
khm,2023,2388.86
kor,1953,2484.49
kor,1954,2520.64
kor,1955,2557.31
kor,1956,2594.52
kor,1957,2632.27
kor,1958,2670.57
kor,1959,2709.42
kor,1960,2748.84
kor,1961,2788.84
kor,1962,2829.41
kor,1963,2870.58
kor,1964,2779.93
kor,1965,2900.8
kor,1966,2882.67
kor,1967,2918.93
kor,1968,2973.32
kor,1969,3039.79
kor,1970,2918.93
kor,1971,2913.09
kor,1972,2907.23
kor,1973,2901.45
kor,1974,2895.65
kor,1975,2889.85
kor,1976,2884.04
kor,1977,2878.31
kor,1978,2872.53
kor,1979,2866.86
kor,1980,2860.94
kor,1981,2876.92
kor,1982,2889.91
kor,1983,2907.89
kor,1984,2903.9
kor,1985,2878.92
kor,1986,2907.89
kor,1987,2876.92
kor,1988,2830.97
kor,1989,2728.08
kor,1990,2674.14
kor,1991,2658.16
kor,1992,2636.18
kor,1993,2653.16
kor,1994,2637.18
kor,1995,2645.17
kor,1996,2634.18
kor,1997,2579.24
kor,1998,2485.34
kor,1999,2492.34
kor,2000,2509.32
kor,2001,2496.33
kor,2002,2461.37
kor,2003,2421.41
kor,2004,2389.45
kor,2005,2348.49
kor,2006,2343.5
kor,2007,2303.54
kor,2008,2216.63
kor,2009,2167.46
kor,2010,2153.41
kor,2011,2126.32
kor,2012,2110.26
kor,2013,2100.23
kor,2014,2070.31
kor,2015,2077.29
kor,2016,2062.33
kor,2017,2012.47
kor,2018,1987.54
kor,2019,1963.22
kor,2020,1904.34
kor,2021,1911.72
kor,2022,1881.03
kor,2023,1910.23
kwt,2005,2386.77
kwt,2006,2392.67
kwt,2007,2398.81
kwt,2008,2397.95
kwt,2009,2387.83
kwt,2010,2383.22
kwt,2011,2370.31
kwt,2012,2358.68
kwt,2013,2354.81
kwt,2014,2353.03
kwt,2015,2354.45
kwt,2016,2354.17
kwt,2017,2347.38
kwt,2018,2344.55
kwt,2019,2337.23
kwt,2020,2300.81
kwt,2021,2329.39
kwt,2022,2323.76
kwt,2023,2317.94
lbn,2005,2449.72
lbn,2006,2446.32
lbn,2007,2446.98
lbn,2008,2455.13
lbn,2009,2464.05
lbn,2010,2461.08
lbn,2011,2457.99
lbn,2012,2455.87
lbn,2013,2453.08
lbn,2014,2448.17
lbn,2015,2443.16
lbn,2016,2440.17
lbn,2017,2435.96
lbn,2018,2430.6
lbn,2019,2423.1
lbn,2020,2306.09
lbn,2021,2386.65
lbn,2022,2414.6
lbn,2023,2411.99
lka,1970,2181.68
lka,1971,2181.28
lka,1972,2181.0
lka,1973,2180.87
lka,1974,2180.79
lka,1975,2180.69
lka,1976,2180.17
lka,1977,2243.63
lka,1978,2247.98
lka,1979,2252.4
lka,1980,2256.88
lka,1981,2265.66
lka,1982,2270.82
lka,1983,2286.23
lka,1984,2263.12
lka,1985,2179.27
lka,1986,2251.79
lka,1987,2259.35
lka,1988,2266.86
lka,1989,2274.46
lka,1990,2282.26
lka,1991,2299.77
lka,1992,2303.82
lka,1993,2322.0
lka,1994,2257.94
lka,1995,2236.9
lka,1996,2229.37
lka,1997,2180.93
lka,1998,2198.92
lka,1999,2224.59
lka,2000,2302.8
lka,2001,2273.93
lka,2002,2085.79
lka,2003,1995.64
lka,2004,2136.55
lka,2005,2172.68
lka,2006,2168.69
lka,2007,2168.71
lka,2008,2168.32
lka,2009,2154.17
lka,2010,2141.77
lka,2011,2111.3
lka,2012,2161.93
lka,2013,2197.08
lka,2014,2221.13
lka,2015,2146.33
lka,2016,2199.48
lka,2017,2216.61
lka,2018,2177.47
lka,2019,2137.42
lka,2020,1882.91
lka,2021,1974.05
lka,2022,2052.45
lka,2023,2053.13
ltu,1995,1552.89
ltu,1996,1550.6
ltu,1997,1555.28
ltu,1998,1596.89
ltu,1999,1550.28
ltu,2000,1656.51
ltu,2001,1643.38
ltu,2002,1617.86
ltu,2003,1601.96
ltu,2004,1683.82
ltu,2005,1684.95
ltu,2006,1676.2
ltu,2007,1702.85
ltu,2008,1732.43
ltu,2009,1670.05
ltu,2010,1696.7
ltu,2011,1674.36
ltu,2012,1672.32
ltu,2013,1657.57
ltu,2014,1649.98
ltu,2015,1673.2
ltu,2016,1694.33
ltu,2017,1656.93
ltu,2018,1664.1
ltu,2019,1665.66
ltu,2020,1595.55
ltu,2021,1619.27
ltu,2022,1624.95
ltu,2023,1640.35
lux,1970,1751.25
lux,1971,1725.98
lux,1972,1707.62
lux,1973,1701.75
lux,1974,1687.55
lux,1975,1692.28
lux,1976,1684.71
lux,1977,1681.87
lux,1978,1702.69
lux,1979,1691.34
lux,1980,1691.34
lux,1981,1673.35
lux,1982,1651.59
lux,1983,1658.21
lux,1984,1644.41
lux,1985,1658.31
lux,1986,1649.91
lux,1987,1648.11
lux,1988,1668.41
lux,1989,1657.31
lux,1990,1657.31
lux,1991,1639.81
lux,1992,1618.51
lux,1993,1625.01
lux,1994,1603.71
lux,1995,1615.41
lux,1996,1592.66
lux,1997,1600.38
lux,1998,1598.54
lux,1999,1598.1
lux,2000,1604.99
lux,2001,1592.81
lux,2002,1587.79
lux,2003,1585.87
lux,2004,1586.15
lux,2005,1566.57
lux,2006,1567.13
lux,2007,1580.97
lux,2008,1581.23
lux,2009,1518.06
lux,2010,1521.01
lux,2011,1519.54
lux,2012,1513.7
lux,2013,1506.28
lux,2014,1512.07
lux,2015,1519.45
lux,2016,1517.97
lux,2017,1508.08
lux,2018,1498.61
lux,2019,1493.28
lux,2020,1408.21
lux,2021,1467.43
lux,2022,1458.99
lux,2023,1452.08
lva,1995,1867.15
lva,1996,1865.49
lva,1997,1861.22
lva,1998,1860.04
lva,1999,1861.49
lva,2000,1864.65
lva,2001,1872.52
lva,2002,1841.69
lva,2003,1836.01
lva,2004,1802.16
lva,2005,1842.14
lva,2006,1829.0
lva,2007,1793.64
lva,2008,1751.09
lva,2009,1707.34
lva,2010,1692.39
lva,2011,1707.05
lva,2012,1691.65
lva,2013,1685.93
lva,2014,1695.31
lva,2015,1663.19
lva,2016,1663.84
lva,2017,1649.86
lva,2018,1661.18
lva,2019,1660.63
lva,2020,1570.68
lva,2021,1597.46
lva,2022,1630.32
lva,2023,1625.24
mar,2005,2178.42
mar,2006,2186.88
mar,2007,2202.16
mar,2008,2210.74
mar,2009,2211.16
mar,2010,2211.89
mar,2011,2210.24
mar,2012,2215.19
mar,2013,2215.37
mar,2014,2211.3
mar,2015,2209.92
mar,2016,2205.65
mar,2017,2205.01
mar,2018,2203.07
mar,2019,2200.78
mar,2020,2074.72
mar,2021,2170.78
mar,2022,2170.78
mar,2023,2173.69
mda,2005,2014.46
mda,2006,2014.81
mda,2007,1978.36
mda,2008,1967.7
mda,2009,1950.31
mda,2010,1948.96
mda,2011,2004.96
mda,2012,1964.49
mda,2013,1948.49
mda,2014,1936.12
mda,2015,1904.53
mda,2016,1881.68
mda,2017,1913.38
mda,2018,1952.37
mda,2019,1972.28
mda,2020,1870.04
mda,2021,1992.66
mda,2022,2011.68
mda,2023,1989.17
mdg,2005,1617.45
mdg,2006,1623.38
mdg,2007,1629.91
mdg,2008,1637.28
mdg,2009,1644.92
mdg,2010,1653.64
mdg,2011,1662.09
mdg,2012,1672.1
mdg,2013,1690.89
mdg,2014,1709.94
mdg,2015,1729.04
mdg,2016,1734.36
mdg,2017,1739.89
mdg,2018,1745.71
mdg,2019,1751.99
mdg,2020,1665.32
mdg,2021,1756.66
mdg,2022,1793.67
mdg,2023,1799.34
mex,1950,1817.09
mex,1951,1816.75
mex,1952,1816.41
mex,1953,1816.07
mex,1954,1815.74
mex,1955,1815.4
mex,1956,1815.06
mex,1957,1814.72
mex,1958,1814.39
mex,1959,1814.05
mex,1960,1813.71
mex,1961,1806.5
mex,1962,1799.31
mex,1963,1792.16
mex,1964,1785.03
mex,1965,1777.93
mex,1966,1770.86
mex,1967,1763.81
mex,1968,1756.8
mex,1969,1749.81
mex,1970,1742.85
mex,1971,1741.44
mex,1972,1740.04
mex,1973,1738.63
mex,1974,1737.43
mex,1975,1736.22
mex,1976,1735.01
mex,1977,1733.81
mex,1978,1732.6
mex,1979,1731.4
mex,1980,1730.2
mex,1981,1730.95
mex,1982,1731.69
mex,1983,1732.44
mex,1984,1733.19
mex,1985,1733.94
mex,1986,1734.69
mex,1987,1735.44
mex,1988,1736.19
mex,1989,1736.95
mex,1990,1803.14
mex,1991,1783.68
mex,1992,1784.13
mex,1993,1750.55
mex,1994,1714.17
mex,1995,1648.89
mex,1996,1655.48
mex,1997,1655.02
mex,1998,1670.33
mex,1999,1724.06
mex,2000,1713.18
mex,2001,1685.26
mex,2002,1632.98
mex,2003,1642.92
mex,2004,1660.3
mex,2005,1660.96
mex,2006,1653.09
mex,2007,1636.34
mex,2008,1645.49
mex,2009,1632.75
mex,2010,1633.49
mex,2011,1634.78
mex,2012,1631.57
mex,2013,1635.84
mex,2014,1633.2
mex,2015,1637.1
mex,2016,1645.09
mex,2017,1648.54
mex,2018,1648.55
mex,2019,1639.34
mex,2020,1587.37
mex,2021,1626.72
mex,2022,1639.79
mex,2023,1628.87
mkd,2005,2170.9
mkd,2006,2167.04
mkd,2007,2154.29
mkd,2008,2143.8
mkd,2009,2094.92
mkd,2010,2155.51
mkd,2011,2067.49
mkd,2012,2073.52
mkd,2013,2097.07
mkd,2014,2090.07
mkd,2015,2097.73
mkd,2016,2097.76
mkd,2017,2128.18
mkd,2018,2076.36
mkd,2019,2040.98
mkd,2020,1818.48
mkd,2021,1973.55
mkd,2022,1968.21
mkd,2023,1948.89
mli,2005,2206.69
mli,2006,2211.17
mli,2007,2207.97
mli,2008,2206.01
mli,2009,2205.03
mli,2010,2205.09
mli,2011,2205.26
mli,2012,2205.51
mli,2013,2207.14
mli,2014,2241.85
mli,2015,2214.04
mli,2016,2242.46
mli,2017,2187.87
mli,2018,2201.79
mli,2019,2211.98
mli,2020,2178.05
mli,2021,2216.69
mli,2022,2236.89
mli,2023,2242.52
mlt,1994,2120.46
mlt,1995,2119.33
mlt,1996,2112.85
mlt,1997,2115.18
mlt,1998,2138.2
mlt,1999,2116.61
mlt,2000,2113.6
mlt,2001,2089.59
mlt,2002,2071.89
mlt,2003,2041.81
mlt,2004,1969.6
mlt,2005,1972.73
mlt,2006,1980.9
mlt,2007,2005.9
mlt,2008,2012.02
mlt,2009,2006.42
mlt,2010,1982.88
mlt,2011,1929.97
mlt,2012,1905.93
mlt,2013,1887.63
mlt,2014,1869.91
mlt,2015,1864.76
mlt,2016,1915.84
mlt,2017,1902.36
mlt,2018,1928.96
mlt,2019,1988.47
mlt,2020,1833.58
mlt,2021,1840.71
mlt,2022,1846.5
mlt,2023,1847.84
mmr,1970,2564.53
mmr,1971,2563.84
mmr,1972,2562.98
mmr,1973,2562.01
mmr,1974,2561.03
mmr,1975,2560.11
mmr,1976,2559.27
mmr,1977,2558.51
mmr,1978,2557.86
mmr,1979,2557.34
mmr,1980,2556.97
mmr,1981,2556.65
mmr,1982,2556.46
mmr,1983,2556.36
mmr,1984,2557.01
mmr,1985,2557.69
mmr,1986,2558.35
mmr,1987,2559.05
mmr,1988,2559.78
mmr,1989,2560.58
mmr,1990,2561.45
mmr,1991,2562.95
mmr,1992,2563.55
mmr,1993,2563.99
mmr,1994,2564.23
mmr,1995,2564.25
mmr,1996,2564.91
mmr,1997,2565.27
mmr,1998,2565.44
mmr,1999,2565.47
mmr,2000,2565.41
mmr,2001,2565.64
mmr,2002,2565.81
mmr,2003,2565.94
mmr,2004,2566.04
mmr,2005,2566.09
mmr,2006,2572.6
mmr,2007,2577.76
mmr,2008,2584.88
mmr,2009,2590.59
mmr,2010,2596.46
mmr,2011,2598.62
mmr,2012,2601.25
mmr,2013,2602.91
mmr,2014,2605.07
mmr,2015,2609.5
mmr,2016,2559.53
mmr,2017,2510.23
mmr,2018,2369.79
mmr,2019,2378.2
mmr,2020,2320.65
mmr,2021,2162.91
mmr,2022,2194.37
mmr,2023,2197.01
moz,2005,1487.16
moz,2006,1485.9
moz,2007,1484.4
moz,2008,1484.02
moz,2009,1483.81
moz,2010,1483.85
moz,2011,1484.11
moz,2012,1484.68
moz,2013,1485.29
moz,2014,1486.36
moz,2015,1487.61
moz,2016,1490.68
moz,2017,1493.7
moz,2018,1496.63
moz,2019,1499.11
moz,2020,1456.8
moz,2021,1500.35
moz,2022,1505.3
moz,2023,1506.83
mus,2005,2039.32
mus,2006,2041.5
mus,2007,2023.71
mus,2008,2022.69
mus,2009,2008.4
mus,2010,1979.85
mus,2011,2049.25
mus,2012,1940.7
mus,2013,1895.57
mus,2014,1862.88
mus,2015,1864.65
mus,2016,1889.27
mus,2017,1916.18
mus,2018,1825.67
mus,2019,1913.63
mus,2020,1837.9
mus,2021,1919.85
mus,2022,2057.49
mus,2023,1989.89
mwi,2005,1583.56
mwi,2006,1582.35
mwi,2007,1581.64
mwi,2008,1580.53
mwi,2009,1579.27
mwi,2010,1577.67
mwi,2011,1576.75
mwi,2012,1575.35
mwi,2013,1574.4
mwi,2014,1575.56
mwi,2015,1576.18
mwi,2016,1577.17
mwi,2017,1578.42
mwi,2018,1579.76
mwi,2019,1581.03
mwi,2020,1505.46
mwi,2021,1568.14
mwi,2022,1595.81
mwi,2023,1595.66
mys,1970,2402.93
mys,1971,2403.88
mys,1972,2404.71
mys,1973,2405.46
mys,1974,2406.17
mys,1975,2406.82
mys,1976,2407.82
mys,1977,2408.72
mys,1978,2409.52
mys,1979,2410.22
mys,1980,2410.81
mys,1981,2411.49
mys,1982,2411.75
mys,1983,2411.3
mys,1984,2412.46
mys,1985,2412.95
mys,1986,2411.46
mys,1987,2409.2
mys,1988,2409.04
mys,1989,2413.43
mys,1990,2415.43
mys,1991,2420.41
mys,1992,2424.21
mys,1993,2425.41
mys,1994,2424.77
mys,1995,2424.5
mys,1996,2426.21
mys,1997,2426.75
mys,1998,2425.72
mys,1999,2424.59
mys,2000,2422.82
mys,2001,2423.37
mys,2002,2452.13
mys,2003,2442.08
mys,2004,2437.73
mys,2005,2488.87
mys,2006,2468.85
mys,2007,2443.11
mys,2008,2414.35
mys,2009,2419.85
mys,2010,2401.76
mys,2011,2399.66
mys,2012,2376.47
mys,2013,2339.6
mys,2014,2350.53
mys,2015,2337.55
mys,2016,2341.18
mys,2017,2342.97
mys,2018,2316.81
mys,2019,2315.55
mys,2020,2117.78
mys,2021,2213.21
mys,2022,2291.71
mys,2023,2307.51
nam,2005,2205.39
nam,2006,2188.95
nam,2007,2171.94
nam,2008,2153.98
nam,2009,2135.03
nam,2010,2117.52
nam,2011,2032.73
nam,2012,1948.26
nam,2013,1931.3
nam,2014,2332.59
nam,2015,2345.41
nam,2016,2359.45
nam,2017,2297.35
nam,2018,2239.92
nam,2019,2222.27
nam,2020,2128.25
nam,2021,2169.13
nam,2022,2195.78
nam,2023,2184.01
ner,2005,2018.21
ner,2006,2021.84
ner,2007,2025.33
ner,2008,2029.43
ner,2009,2032.45
ner,2010,2035.8
ner,2011,2039.63
ner,2012,2030.99
ner,2013,2037.78
ner,2014,2044.84
ner,2015,2046.44
ner,2016,2048.5
ner,2017,2050.62
ner,2018,2051.06
ner,2019,2051.07
ner,2020,2017.79
ner,2021,2043.69
ner,2022,2069.34
ner,2023,2069.49
nga,2005,2050.0
nga,2006,2063.03
nga,2007,2075.41
nga,2008,2076.74
nga,2009,2080.56
nga,2010,2081.49
nga,2011,2085.42
nga,2012,2102.74
nga,2013,2119.03
nga,2014,2178.12
nga,2015,2236.11
nga,2016,2292.76
nga,2017,2196.81
nga,2018,2095.31
nga,2019,1994.8
nga,2020,1964.21
nga,2021,2020.0
nga,2022,2055.89
nga,2023,2061.69
nld,1950,1972.29
nld,1951,1982.78
nld,1952,1989.13
nld,1953,2010.34
nld,1954,2035.57
nld,1955,2056.73
nld,1956,2073.98
nld,1957,2089.48
nld,1958,2093.48
nld,1959,2106.06
nld,1960,2103.61
nld,1961,2055.75
nld,1962,2005.8
nld,1963,1974.85
nld,1964,1957.16
nld,1965,1951.68
nld,1966,1947.26
nld,1967,1929.91
nld,1968,1906.87
nld,1970,1850.18
nld,1971,1816.4
nld,1972,1814.69
nld,1973,1788.07
nld,1974,1734.14
nld,1975,1680.6
nld,1976,1664.57
nld,1977,1644.21
nld,1978,1615.48
nld,1979,1593.8
nld,1980,1590.88
nld,1981,1590.37
nld,1982,1575.75
nld,1983,1560.73
nld,1984,1552.57
nld,1985,1535.93
nld,1986,1520.91
nld,1987,1499.44
nld,1988,1496.21
nld,1989,1491.47
nld,1990,1485.52
nld,1991,1476.45
nld,1992,1482.9
nld,1993,1472.42
nld,1994,1480.18
nld,1995,1490.97
nld,1996,1506.06
nld,1997,1491.81
nld,1998,1488.56
nld,1999,1486.86
nld,2000,1473.5
nld,2001,1463.56
nld,2002,1445.91
nld,2003,1437.17
nld,2004,1458.19
nld,2005,1444.28
nld,2006,1440.5
nld,2007,1439.51
nld,2008,1439.02
nld,2009,1430.6
nld,2010,1430.15
nld,2011,1430.72
nld,2012,1421.71
nld,2013,1426.68
nld,2014,1438.52
nld,2015,1438.41
nld,2016,1451.09
nld,2017,1451.1
nld,2018,1451.04
nld,2019,1456.55
nld,2020,1402.14
nld,2021,1442.16
nld,2022,1442.64
nld,2023,1438.74
nor,1950,2115.3
nor,1951,2104.59
nor,1952,2093.93
nor,1953,2083.33
nor,1954,2072.78
nor,1955,2062.29
nor,1956,2051.84
nor,1957,2041.45
nor,1958,2031.11
nor,1959,2020.83
nor,1960,2010.6
nor,1961,2002.68
nor,1962,1994.79
nor,1963,1985.79
nor,1964,1995.79
nor,1965,1950.79
nor,1966,1951.79
nor,1967,1935.79
nor,1968,1896.8
nor,1969,1848.8
nor,1970,1818.91
nor,1971,1797.91
nor,1972,1765.41
nor,1973,1751.31
nor,1974,1730.71
nor,1975,1715.12
nor,1976,1662.73
nor,1977,1627.87
nor,1978,1591.52
nor,1979,1569.61
nor,1980,1569.21
nor,1981,1560.43
nor,1982,1549.44
nor,1983,1542.9
nor,1984,1537.76
nor,1985,1531.56
nor,1986,1527.7
nor,1987,1500.47
nor,1988,1503.76
nor,1989,1500.48
nor,1990,1492.68
nor,1991,1489.9
nor,1992,1500.0
nor,1993,1496.57
nor,1994,1494.44
nor,1995,1478.69
nor,1996,1473.56
nor,1997,1468.26
nor,1998,1466.67
nor,1999,1465.45
nor,2000,1447.95
nor,2001,1423.82
nor,2002,1411.82
nor,2003,1400.88
nor,2004,1423.21
nor,2005,1428.63
nor,2006,1426.13
nor,2007,1438.15
nor,2008,1442.8
nor,2009,1422.04
nor,2010,1429.86
nor,2011,1434.53
nor,2012,1431.49
nor,2013,1421.03
nor,2014,1423.7
nor,2015,1426.57
nor,2016,1429.89
nor,2017,1419.21
nor,2018,1419.41
nor,2019,1418.55
nor,2020,1409.74
nor,2021,1425.64
nor,2022,1422.33
nor,2023,1412.06
nzl,1970,1835.4
nzl,1971,1832.24
nzl,1972,1818.02
nzl,1973,1815.74
nzl,1974,1824.04
nzl,1975,1808.53
nzl,1976,1805.37
nzl,1977,1810.71
nzl,1978,1802.01
nzl,1979,1792.93
nzl,1980,1782.26
nzl,1981,1764.48
nzl,1982,1771.69
nzl,1983,1824.43
nzl,1984,1818.02
nzl,1985,1812.09
nzl,1986,1805.87
nzl,1987,1810.16
nzl,1988,1801.66
nzl,1989,1789.06
nzl,1990,1778.02
nzl,1991,1765.94
nzl,1992,1774.56
nzl,1993,1826.01
nzl,1994,1820.51
nzl,1995,1814.67
nzl,1996,1808.2
nzl,1997,1792.97
nzl,1998,1793.66
nzl,1999,1809.46
nzl,2000,1805.71
nzl,2001,1790.54
nzl,2002,1790.37
nzl,2003,1787.81
nzl,2004,1802.16
nzl,2005,1782.46
nzl,2006,1766.32
nzl,2007,1748.36
nzl,2008,1730.16
nzl,2009,1712.64
nzl,2010,1734.3
nzl,2011,1721.7
nzl,2012,1700.58
nzl,2013,1732.22
nzl,2014,1736.06
nzl,2015,1730.22
nzl,2016,1718.05
nzl,2017,1715.77
nzl,2018,1715.51
nzl,2019,1742.29
nzl,2020,1698.4
nzl,2021,1687.95
nzl,2022,1704.64
nzl,2023,1707.52
omn,2005,2267.04
omn,2006,2287.13
omn,2007,2299.85
omn,2008,2321.53
omn,2009,2321.74
omn,2010,2363.45
omn,2011,2352.73
omn,2012,2334.26
omn,2013,2314.94
omn,2014,2296.35
omn,2015,2279.88
omn,2016,2294.03
omn,2017,2307.58
omn,2018,2333.8
omn,2019,2312.26
omn,2020,2251.53
omn,2021,2272.81
omn,2022,2269.27
omn,2023,2266.32
pak,1970,2566.63
pak,1971,2564.04
pak,1972,2565.86
pak,1973,2564.02
pak,1974,2561.99
pak,1975,2558.97
pak,1976,2553.38
pak,1977,2548.47
pak,1978,2544.29
pak,1979,2539.55
pak,1980,2542.02
pak,1981,2489.93
pak,1982,2494.24
pak,1983,2503.04
pak,1984,2507.36
pak,1985,2526.67
pak,1986,2522.89
pak,1987,2505.34
pak,1988,2521.5
pak,1989,2523.25
pak,1990,2525.36
pak,1991,2525.17
pak,1992,2509.36
pak,1993,2512.82
pak,1994,2509.61
pak,1995,2528.79
pak,1996,2526.56
pak,1997,2518.62
pak,1998,2493.24
pak,1999,2495.16
pak,2000,2503.38
pak,2001,2494.16
pak,2002,2484.48
pak,2003,2500.29
pak,2004,2492.43
pak,2005,2477.67
pak,2006,2483.76
pak,2007,2478.76
pak,2008,2434.94
pak,2009,2420.04
pak,2010,2441.4
pak,2011,2408.88
pak,2012,2395.49
pak,2013,2380.99
pak,2014,2447.47
pak,2015,2432.0
pak,2016,2424.83
pak,2017,2428.28
pak,2018,2431.65
pak,2019,2390.25
pak,2020,2328.05
pak,2021,2428.05
pak,2022,2467.7
pak,2023,2471.08
per,1950,2508.68
per,1951,2496.58
per,1952,2484.54
per,1953,2472.56
per,1954,2460.64
per,1955,2448.77
per,1956,2436.96
per,1957,2425.2
per,1958,2413.51
per,1959,2401.87
per,1960,2390.28
per,1961,2378.75
per,1962,2367.28
per,1963,2355.86
per,1964,2344.5
per,1965,2333.19
per,1966,2321.94
per,1967,2310.74
per,1968,2299.6
per,1969,2288.51
per,1970,2277.47
per,1971,2266.48
per,1972,2255.55
per,1973,2244.67
per,1974,2237.43
per,1975,2230.21
per,1976,2223.02
per,1977,2215.84
per,1978,2208.69
per,1979,2201.57
per,1980,2194.46
per,1981,2187.38
per,1982,2180.33
per,1983,2173.29
per,1984,2166.28
per,1985,2159.29
per,1986,2152.32
per,1987,2145.38
per,1988,2138.46
per,1989,2131.56
per,1990,2124.68
per,1991,2120.48
per,1992,2126.33
per,1993,2119.63
per,1994,2117.72
per,1995,2117.34
per,1996,2112.01
per,1997,2111.5
per,1998,2104.99
per,1999,2101.36
per,2000,2101.23
per,2001,2100.58
per,2002,2098.31
per,2003,2100.92
per,2004,2099.54
per,2005,2100.57
per,2006,2100.76
per,2007,2116.98
per,2008,2123.13
per,2009,2123.4
per,2010,2132.46
per,2011,2132.88
per,2012,2134.47
per,2013,2137.36
per,2014,2134.61
per,2015,2133.84
per,2016,2139.42
per,2017,2139.83
per,2018,2138.79
per,2019,2111.94
per,2020,2060.09
per,2021,2095.22
per,2022,2138.61
per,2023,2142.96
phl,1970,2311.28
phl,1971,2346.12
phl,1972,2337.68
phl,1973,2283.67
phl,1974,2338.81
phl,1975,2304.46
phl,1976,2281.92
phl,1977,2308.76
phl,1978,2255.3
phl,1979,2242.83
phl,1980,2229.46
phl,1981,2216.98
phl,1982,2194.38
phl,1983,2189.88
phl,1984,2218.39
phl,1985,2206.66
phl,1986,2189.46
phl,1987,2188.97
phl,1988,2188.49
phl,1989,2217.59
phl,1990,2213.17
phl,1991,2203.91
phl,1992,2193.71
phl,1993,2155.34
phl,1994,2170.53
phl,1995,2151.24
phl,1996,2117.35
phl,1997,2171.27
phl,1998,2131.39
phl,1999,2180.85
phl,2000,2188.56
phl,2001,2072.87
phl,2002,2087.51
phl,2003,2104.95
phl,2004,2113.49
phl,2005,2131.12
phl,2006,2103.09
phl,2007,2124.33
phl,2008,2143.82
phl,2009,2108.65
phl,2010,2140.05
phl,2011,2111.29
phl,2012,2113.98
phl,2013,2144.1
phl,2014,2095.17
phl,2015,2106.03
phl,2016,2175.19
phl,2017,2132.94
phl,2018,2170.86
phl,2019,2169.85
phl,2020,1851.51
phl,2021,2036.63
phl,2022,2094.34
phl,2023,2095.96
pol,1995,1858.57
pol,1996,1858.66
pol,1997,1858.48
pol,1998,1858.43
pol,1999,1874.98
pol,2000,1858.34
pol,2001,1860.12
pol,2002,1855.46
pol,2003,1860.55
pol,2004,1860.87
pol,2005,1855.97
pol,2006,1857.34
pol,2007,1854.69
pol,2008,1847.54
pol,2009,1833.61
pol,2010,1828.97
pol,2011,1824.33
pol,2012,1819.69
pol,2013,1816.43
pol,2014,1822.3
pol,2015,1829.16
pol,2016,1831.36
pol,2017,1811.62
pol,2018,1787.33
pol,2019,1796.51
pol,2020,1779.21
pol,2021,1827.92
pol,2022,1818.44
pol,2023,1806.92
prt,1950,1795.04
prt,1951,1783.63
prt,1952,1772.3
prt,1953,1761.04
prt,1954,1749.85
prt,1955,1738.73
prt,1956,1727.68
prt,1957,1716.71
prt,1958,1705.8
prt,1959,1694.96
prt,1960,1684.19
prt,1961,1657.94
prt,1962,1632.11
prt,1963,1606.67
prt,1964,1581.64
prt,1965,1556.99
prt,1966,1532.73
prt,1967,1508.84
prt,1968,1485.33
prt,1969,1462.18
prt,1970,1424.4
prt,1971,1402.34
prt,1972,1386.59
prt,1973,1373.15
prt,1974,1471.11
prt,1975,1548.87
prt,1976,1567.22
prt,1977,1562.21
prt,1978,1574.08
prt,1979,1550.26
prt,1980,1581.96
prt,1981,1563.33
prt,1982,1583.16
prt,1983,1666.11
prt,1984,1677.51
prt,1985,1660.36
prt,1986,1699.29
prt,1987,1718.94
prt,1988,1725.15
prt,1989,1749.8
prt,1990,1746.93
prt,1991,1685.66
prt,1992,1672.32
prt,1993,1674.36
prt,1994,1697.43
prt,1995,1758.79
prt,1996,1759.81
prt,1997,1755.13
prt,1998,1769.46
prt,1999,1771.1
prt,2000,1780.0
prt,2001,1764.59
prt,2002,1758.15
prt,2003,1751.64
prt,2004,1757.32
prt,2005,1759.23
prt,2006,1748.29
prt,2007,1764.18
prt,2008,1752.01
prt,2009,1752.41
prt,2010,1755.05
prt,2011,1729.59
prt,2012,1708.6
prt,2013,1718.77
prt,2014,1726.29
prt,2015,1731.76
prt,2016,1737.48
prt,2017,1727.05
prt,2018,1736.84
prt,2019,1741.3
prt,2020,1630.84
prt,2021,1680.51
prt,2022,1720.24
prt,2023,1734.94
pry,2005,2266.34
pry,2006,2303.85
pry,2007,2250.36
pry,2008,2257.67
pry,2009,2175.7
pry,2010,2244.12
pry,2011,2333.35
pry,2012,2150.12
pry,2013,2248.46
pry,2014,2219.31
pry,2015,2178.73
pry,2016,2153.42
pry,2017,2122.69
pry,2018,2062.08
pry,2019,2050.93
pry,2020,1855.46
pry,2021,2029.63
pry,2022,2091.92
pry,2023,2122.59
qat,2005,2424.93
qat,2006,2429.08
qat,2007,2533.88
qat,2008,2612.26
qat,2009,2600.02
qat,2010,2627.29
qat,2011,2651.93
qat,2012,2600.06
qat,2013,2599.93
qat,2014,2600.05
qat,2015,2600.04
qat,2016,2600.0
qat,2017,2548.01
qat,2018,2522.06
qat,2019,2496.03
qat,2020,2496.0
qat,2021,2465.93
qat,2022,2438.21
qat,2023,2435.01
rou,1995,1822.65
rou,1996,1861.46
rou,1997,1860.52
rou,1998,1859.15
rou,1999,1850.04
rou,2000,1853.0
rou,2001,1852.48
rou,2002,1867.18
rou,2003,1837.06
rou,2004,1886.58
rou,2005,1876.99
rou,2006,1836.08
rou,2007,1839.93
rou,2008,1835.25
rou,2009,1815.49
rou,2010,1840.68
rou,2011,1849.27
rou,2012,1811.54
rou,2013,1806.46
rou,2014,1792.53
rou,2015,1785.67
rou,2016,1809.03
rou,2017,1785.84
rou,2018,1786.98
rou,2019,1803.11
rou,2020,1756.28
rou,2021,1823.53
rou,2022,1802.46
rou,2023,1825.92
rus,1992,2330.92
rus,1993,2338.15
rus,1994,2285.1
rus,1995,2280.27
rus,1996,2255.68
rus,1997,2351.67
rus,1998,2346.77
rus,1999,2235.93
rus,2000,2196.61
rus,2001,2223.14
rus,2002,2177.81
rus,2003,2214.36
rus,2004,2195.93
rus,2005,2180.98
rus,2006,2168.1
rus,2007,2145.98
rus,2008,2148.47
rus,2009,2138.27
rus,2010,2149.63
rus,2011,2132.52
rus,2012,2119.7
rus,2013,2113.12
rus,2014,2104.86
rus,2015,2086.29
rus,2016,2081.0
rus,2017,2075.78
rus,2018,2067.65
rus,2019,2062.4
rus,2020,1966.89
rus,2021,2064.87
rus,2022,2079.5
rus,2023,2086.68
rwa,2005,1563.63
rwa,2006,1567.03
rwa,2007,1570.65
rwa,2008,1575.06
rwa,2009,1579.18
rwa,2010,1583.76
rwa,2011,1588.97
rwa,2012,1594.51
rwa,2013,1598.05
rwa,2014,1603.06
rwa,2015,1618.43
rwa,2016,1635.42
rwa,2017,1655.37
rwa,2018,1717.57
rwa,2019,1668.36
rwa,2020,1604.53
rwa,2021,1495.89
rwa,2022,1561.55
rwa,2023,1584.32
sau,2005,1997.82
sau,2006,1996.43
sau,2007,1996.25
sau,2008,1995.03
sau,2009,1993.64
sau,2010,1993.4
sau,2011,1995.07
sau,2012,1994.79
sau,2013,1994.79
sau,2014,1995.21
sau,2015,1994.57
sau,2016,2014.14
sau,2017,2021.15
sau,2018,2013.53
sau,2019,1990.4
sau,2020,1909.79
sau,2021,2051.89
sau,2022,2079.19
sau,2023,2124.51
sdn,2005,2606.1
sdn,2006,2611.95
sdn,2007,2619.6
sdn,2008,2630.31
sdn,2009,2640.71
sdn,2010,2632.54
sdn,2011,2629.26
sdn,2012,2636.38
sdn,2013,2642.71
sdn,2014,2647.16
sdn,2015,2649.87
sdn,2016,2660.64
sdn,2017,2664.92
sdn,2018,2672.51
sdn,2019,2681.18
sdn,2020,2598.73
sdn,2021,2652.55
sdn,2022,2639.57
sdn,2023,2658.04
sen,2005,1881.37
sen,2006,1890.53
sen,2007,1870.4
sen,2008,1867.29
sen,2009,1873.44
sen,2010,1885.07
sen,2011,1900.05
sen,2012,1887.8
sen,2013,1878.9
sen,2014,1876.69
sen,2015,1888.45
sen,2016,2022.95
sen,2017,2225.3
sen,2018,2267.92
sen,2019,2315.41
sen,2020,2218.24
sen,2021,2269.46
sen,2022,2332.41
sen,2023,2335.23
sgp,1960,2400.31
sgp,1961,2394.97
sgp,1962,2389.64
sgp,1963,2384.32
sgp,1964,2379.02
sgp,1965,2373.72
sgp,1966,2368.44
sgp,1967,2363.17
sgp,1968,2357.91
sgp,1969,2352.66
sgp,1970,2347.43
sgp,1971,2347.39
sgp,1972,2347.31
sgp,1973,2347.24
sgp,1974,2347.25
sgp,1975,2325.96
sgp,1976,2352.1
sgp,1977,2297.71
sgp,1978,2296.96
sgp,1979,2272.57
sgp,1980,2281.14
sgp,1981,2308.26
sgp,1982,2314.73
sgp,1983,2320.02
sgp,1984,2329.53
sgp,1985,2288.44
sgp,1986,2322.73
sgp,1987,2353.85
sgp,1988,2367.72
sgp,1989,2427.13
sgp,1990,2431.63
sgp,1991,2451.91
sgp,1992,2455.58
sgp,1993,2481.9
sgp,1994,2497.84
sgp,1995,2511.49
sgp,1996,2532.52
sgp,1997,2546.79
sgp,1998,2534.39
sgp,1999,2555.8
sgp,2000,2573.56
sgp,2001,2552.79
sgp,2002,2544.31
sgp,2003,2549.31
sgp,2004,2514.88
sgp,2005,2515.02
sgp,2006,2506.41
sgp,2007,2484.23
sgp,2008,2476.73
sgp,2009,2439.86
sgp,2010,2478.71
sgp,2011,2437.54
sgp,2012,2441.53
sgp,2013,2431.17
sgp,2014,2391.59
sgp,2015,2363.25
sgp,2016,2352.18
sgp,2017,2334.04
sgp,2018,2306.45
sgp,2019,2330.77
sgp,2020,2229.11
sgp,2021,2314.75
sgp,2022,2311.42
sgp,2023,2283.18
srb,2005,2194.87
srb,2006,2209.82
srb,2007,2207.16
srb,2008,2205.2
srb,2009,2203.64
srb,2010,2188.69
srb,2011,2188.38
srb,2012,2209.15
srb,2013,2117.28
srb,2014,1902.45
srb,2015,2033.65
srb,2016,2028.9
srb,2017,2003.21
srb,2018,2026.77
srb,2019,2026.62
srb,2020,1975.12
srb,2021,2050.56
srb,2022,2047.07
srb,2023,1995.18
svk,1990,1827.65
svk,1991,1827.73
svk,1992,1827.68
svk,1993,1827.8
svk,1994,1827.43
svk,1995,1853.05
svk,1996,1819.63
svk,1997,1830.0
svk,1998,1821.86
svk,1999,1816.24
svk,2000,1815.61
svk,2001,1800.74
svk,2002,1754.07
svk,2003,1697.57
svk,2004,1741.99
svk,2005,1769.49
svk,2006,1774.45
svk,2007,1791.2
svk,2008,1793.36
svk,2009,1780.34
svk,2010,1805.15
svk,2011,1793.01
svk,2012,1789.04
svk,2013,1771.61
svk,2014,1759.61
svk,2015,1754.09
svk,2016,1740.01
svk,2017,1713.78
svk,2018,1703.93
svk,2019,1691.99
svk,2020,1571.98
svk,2021,1581.5
svk,2022,1610.06
svk,2023,1621.23
svn,1995,1755.31
svn,1996,1727.44
svn,1997,1714.96
svn,1998,1728.19
svn,1999,1733.12
svn,2000,1710.07
svn,2001,1695.86
svn,2002,1720.17
svn,2003,1723.34
svn,2004,1736.53
svn,2005,1696.55
svn,2006,1667.41
svn,2007,1654.9
svn,2008,1673.47
svn,2009,1679.01
svn,2010,1680.33
svn,2011,1663.36
svn,2012,1644.37
svn,2013,1662.29
svn,2014,1681.79
svn,2015,1687.34
svn,2016,1652.4
svn,2017,1621.51
svn,2018,1602.95
svn,2019,1601.42
svn,2020,1532.85
svn,2021,1593.55
svn,2022,1610.24
svn,2023,1587.57
swe,1950,1799.86
swe,1951,1791.83
swe,1952,1791.83
swe,1953,1773.97
swe,1954,1783.79
swe,1955,1773.97
swe,1956,1751.65
swe,1957,1751.65
swe,1958,1723.08
swe,1959,1699.87
swe,1960,1695.41
swe,1961,1697.19
swe,1962,1686.48
swe,1963,1681.12
swe,1964,1653.45
swe,1965,1643.63
swe,1966,1631.13
swe,1967,1603.45
swe,1968,1565.06
swe,1969,1544.53
swe,1970,1544.53
swe,1971,1515.7
swe,1972,1479.98
swe,1973,1465.93
swe,1974,1448.98
swe,1975,1427.58
swe,1976,1439.37
swe,1977,1412.17
swe,1978,1378.09
swe,1979,1369.66
swe,1980,1369.66
swe,1981,1362.04
swe,1982,1374.83
swe,1983,1383.26
swe,1984,1385.25
swe,1985,1388.88
swe,1986,1387.06
swe,1987,1396.22
swe,1988,1413.9
swe,1989,1412.81
swe,1990,1409.54
swe,1991,1397.58
swe,1992,1413.44
swe,1993,1442.09
swe,1994,1476.54
swe,1995,1481.7
swe,1996,1493.4
swe,1997,1497.61
swe,1998,1496.79
swe,1999,1506.09
swe,2000,1489.29
swe,2001,1468.69
swe,2002,1446.84
swe,2003,1433.41
swe,2004,1452.79
swe,2005,1451.98
swe,2006,1450.34
swe,2007,1461.82
swe,2008,1474.57
swe,2009,1460.69
swe,2010,1485.69
swe,2011,1486.64
swe,2012,1473.51
swe,2013,1464.83
swe,2014,1465.66
swe,2015,1467.16
swe,2016,1478.11
swe,2017,1465.92
swe,2018,1464.91
swe,2019,1451.35
swe,2020,1422.56
swe,2021,1441.34
swe,2022,1436.05
swe,2023,1431.5
syr,2005,2176.95
syr,2006,2185.85
syr,2007,2199.27
syr,2008,2236.34
syr,2009,2245.54
syr,2010,2240.95
syr,2011,2254.18
syr,2012,1965.91
syr,2013,1749.24
syr,2014,1715.67
syr,2015,1717.46
syr,2016,1678.71
syr,2017,1673.58
syr,2018,1671.42
syr,2019,1654.52
syr,2020,1626.75
syr,2021,1619.04
syr,2022,1624.19
syr,2023,1620.53
tcd,2005,1573.71
tcd,2006,1572.98
tcd,2007,1572.41
tcd,2008,1571.94
tcd,2009,1571.1
tcd,2010,1570.72
tcd,2011,1570.43
tcd,2012,1570.87
tcd,2013,1571.12
tcd,2014,1571.51
tcd,2015,1571.8
tcd,2016,1571.88
tcd,2017,1572.34
tcd,2018,1573.82
tcd,2019,1575.6
tcd,2020,1486.91
tcd,2021,1564.9
tcd,2022,1584.85
tcd,2023,1585.39
tha,1970,2535.13
tha,1971,2535.09
tha,1972,2428.64
tha,1973,2551.94
tha,1974,2569.84
tha,1975,2541.69
tha,1976,2537.3
tha,1977,2533.37
tha,1978,2611.12
tha,1979,2704.95
tha,1980,2798.1
tha,1981,2718.35
tha,1982,2424.93
tha,1983,2769.17
tha,1984,2788.43
tha,1985,2759.05
tha,1986,2758.17
tha,1987,2710.93
tha,1988,2734.57
tha,1989,2803.6
tha,1990,2663.53
tha,1991,2712.94
tha,1992,2729.56
tha,1993,2647.88
tha,1994,2699.17
tha,1995,2693.81
tha,1996,2638.21
tha,1997,2565.93
tha,1998,2616.1
tha,1999,2579.6
tha,2000,2583.93
tha,2001,2482.59
tha,2002,2471.68
tha,2003,2461.1
tha,2004,2466.58
tha,2005,2413.86
tha,2006,2398.77
tha,2007,2383.64
tha,2008,2365.05
tha,2009,2345.53
tha,2010,2326.36
tha,2011,2300.38
tha,2012,2292.01
tha,2013,2293.5
tha,2014,2269.77
tha,2015,2235.97
tha,2016,2220.72
tha,2017,2216.47
tha,2018,2209.27
tha,2019,2199.04
tha,2020,2095.41
tha,2021,2107.97
tha,2022,2172.99
tha,2023,2177.17
tjk,2005,2032.4
tjk,2006,2034.29
tjk,2007,2037.53
tjk,2008,2039.51
tjk,2009,2037.1
tjk,2010,2041.51
tjk,2011,2048.99
tjk,2012,2058.5
tjk,2013,2068.41
tjk,2014,2078.29
tjk,2015,2089.16
tjk,2016,2095.2
tjk,2017,2097.94
tjk,2018,2101.55
tjk,2019,2105.15
tjk,2020,2040.86
tjk,2021,2106.08
tjk,2022,2130.59
tjk,2023,2134.26
tkm,2005,2125.29
tkm,2006,2144.03
tkm,2007,2154.63
tkm,2008,2167.63
tkm,2009,2157.02
tkm,2010,2159.71
tkm,2011,2156.86
tkm,2012,2159.22
tkm,2013,2159.78
tkm,2014,2162.3
tkm,2015,2163.04
tkm,2016,2172.0
tkm,2017,2179.62
tkm,2018,2185.98
tkm,2019,2185.41
tkm,2020,2136.98
tkm,2021,2171.56
tkm,2022,2178.29
tkm,2023,2178.62
tto,1991,1585.06
tto,1992,1564.75
tto,1993,1580.24
tto,1994,1591.54
tto,1995,1602.29
tto,1996,1618.54
tto,1997,1627.14
tto,1998,1630.52
tto,1999,1636.53
tto,2000,1663.9
tto,2001,1668.04
tto,2002,1634.8
tto,2003,1634.8
tto,2004,1634.8
tto,2005,1634.8
tto,2006,1610.68
tto,2007,1640.63
tto,2008,1620.36
tto,2009,1620.6
tto,2010,1622.67
tto,2011,1619.46
tto,2012,1614.85
tto,2013,1616.36
tto,2014,1606.9
tto,2015,1607.18
tto,2016,1639.36
tto,2017,1648.8
tto,2018,1627.3
tto,2019,1616.96
tto,2020,1540.61
tto,2021,1584.2
tto,2022,1616.92
tto,2023,1609.81
tun,2005,2347.19
tun,2006,2347.28
tun,2007,2354.36
tun,2008,2362.99
tun,2009,2352.39
tun,2010,2365.38
tun,2011,2373.16
tun,2012,2368.23
tun,2013,2370.79
tun,2014,2372.88
tun,2015,2350.46
tun,2016,2334.97
tun,2017,2315.96
tun,2018,2304.19
tun,2019,2291.8
tun,2020,2210.22
tun,2021,2291.55
tun,2022,2286.46
tun,2023,2288.01
tur,1970,2086.0
tur,1971,2077.0
tur,1972,2069.0
tur,1973,2060.0
tur,1974,2044.0
tur,1975,2028.0
tur,1976,2012.0
tur,1977,1996.0
tur,1978,1980.0
tur,1979,1964.0
tur,1980,1957.0
tur,1981,1950.0
tur,1982,1943.0
tur,1983,1935.0
tur,1984,1871.0
tur,1985,1898.0
tur,1986,1883.0
tur,1987,1844.0
tur,1988,1837.0
tur,1989,1867.0
tur,1990,1866.0
tur,1991,1870.0
tur,1992,1897.0
tur,1993,1917.0
tur,1994,1886.0
tur,1995,1876.0
tur,1996,1892.0
tur,1997,1878.0
tur,1998,1884.0
tur,1999,1925.0
tur,2000,1937.0
tur,2001,1942.0
tur,2002,1943.0
tur,2003,1943.0
tur,2004,1918.0
tur,2005,1936.0
tur,2006,1944.0
tur,2007,1911.0
tur,2008,1900.0
tur,2009,1881.0
tur,2010,1877.0
tur,2011,1864.0
tur,2012,1855.0
tur,2013,1832.0
tur,2014,1829.54
tur,2015,1810.71
tur,2016,1789.41
tur,2017,1775.49
tur,2018,1745.19
tur,2019,1732.09
tur,2020,1572.39
tur,2021,1732.09
tur,2022,1759.3
tur,2023,1747.46
twn,1951,2298.79
twn,1952,2295.94
twn,1953,2293.09
twn,1954,2290.25
twn,1955,2287.41
twn,1956,2284.57
twn,1957,2281.73
twn,1958,2278.9
twn,1959,2276.08
twn,1960,2273.25
twn,1961,2270.43
twn,1962,2267.62
twn,1963,2264.8
twn,1964,2261.99
twn,1965,2259.19
twn,1966,2256.39
twn,1967,2253.59
twn,1968,2250.79
twn,1969,2248.0
twn,1970,2245.21
twn,1971,2248.75
twn,1972,2250.7
twn,1973,2248.98
twn,1974,2250.62
twn,1975,2252.04
twn,1976,2251.57
twn,1977,2249.96
twn,1978,2246.72
twn,1979,2279.49
twn,1980,2257.34
twn,1981,2253.65
twn,1982,2213.96
twn,1983,2199.65
twn,1984,2199.19
twn,1985,2189.49
twn,1986,2188.11
twn,1987,2220.88
twn,1988,2195.49
twn,1989,2177.03
twn,1990,2176.11
twn,1991,2163.65
twn,1992,2165.96
twn,1993,2185.8
twn,1994,2131.34
twn,1995,2170.11
twn,1996,2144.26
twn,1997,2088.88
twn,1998,2138.73
twn,1999,2136.88
twn,2000,2127.19
twn,2001,2073.65
twn,2002,2060.27
twn,2003,2065.34
twn,2004,2083.34
twn,2005,2075.5
twn,2006,2084.66
twn,2007,2090.62
twn,2008,2090.08
twn,2009,2065.82
twn,2010,2073.99
twn,2011,2076.41
twn,2012,2069.9
twn,2013,2068.13
twn,2015,2066.39
twn,2016,2065.83
twn,2017,2066.82
twn,2018,2063.58
twn,2019,2052.85
twn,2020,2004.87
twn,2021,2028.18
twn,2022,2033.87
twn,2023,2031.58
tza,2005,1714.43
tza,2006,1722.26
tza,2007,1749.19
tza,2008,1776.33
tza,2009,1775.3
tza,2010,1775.11
tza,2011,1722.41
tza,2012,1668.61
tza,2013,1806.84
tza,2014,1945.2
tza,2015,1971.2
tza,2016,1997.67
tza,2017,2024.41
tza,2018,2051.2
tza,2019,2078.35
tza,2020,2034.42
tza,2021,2101.0
tza,2022,2123.95
tza,2023,2128.73
uga,2005,1342.81
uga,2006,1344.1
uga,2007,1345.28
uga,2008,1346.59
uga,2009,1347.91
uga,2010,1348.61
uga,2011,1331.55
uga,2012,1716.22
uga,2013,1567.63
uga,2014,1419.46
uga,2015,1514.71
uga,2016,1611.23
uga,2017,1708.5
uga,2018,1629.36
uga,2019,1550.73
uga,2020,1722.26
uga,2021,2171.89
uga,2022,2124.69
uga,2023,2127.9
ukr,2005,2072.76
ukr,2006,2077.8
ukr,2007,2087.5
ukr,2008,2082.21
ukr,2009,2080.06
ukr,2010,2095.75
ukr,2011,2073.23
ukr,2012,2068.66
ukr,2013,2065.58
ukr,2014,2077.13
ukr,2015,2052.9
ukr,2016,2073.73
ukr,2017,2066.86
ukr,2018,2064.69
ukr,2019,2059.68
ukr,2020,2007.73
ukr,2021,2044.97
ukr,2022,2044.97
ukr,2023,2044.97
ury,1990,1788.0
ury,1991,1781.5
ury,1992,1775.03
ury,1993,1768.57
ury,1994,1762.15
ury,1995,1755.74
ury,1996,1749.36
ury,1997,1743.0
ury,1998,1736.66
ury,1999,1722.0
ury,2000,1704.08
ury,2001,1672.77
ury,2002,1635.88
ury,2003,1612.8
ury,2004,1638.45
ury,2005,1628.0
ury,2006,1622.8
ury,2007,1608.6
ury,2008,1623.33
ury,2009,1603.92
ury,2010,1597.61
ury,2011,1592.42
ury,2012,1578.64
ury,2013,1571.8
ury,2014,1567.34
ury,2015,1556.43
ury,2016,1532.51
ury,2017,1541.65
ury,2018,1534.75
ury,2019,1517.34
ury,2020,1499.72
ury,2021,1501.31
ury,2022,1523.15
ury,2023,1481.13
usa,1950,2021.98
usa,1951,2063.8
usa,1952,2060.12
usa,1953,2053.91
usa,1954,2030.68
usa,1955,2038.46
usa,1956,2023.37
usa,1957,1995.38
usa,1958,1960.95
usa,1959,1986.87
usa,1960,1968.41
usa,1961,1953.61
usa,1962,1973.51
usa,1963,1961.96
usa,1964,1971.53
usa,1965,1991.91
usa,1966,2000.82
usa,1967,1977.72
usa,1968,1974.18
usa,1969,1975.34
usa,1970,1930.72
usa,1971,1914.99
usa,1972,1911.75
usa,1973,1910.32
usa,1974,1882.34
usa,1975,1850.8
usa,1976,1846.91
usa,1977,1847.02
usa,1978,1853.67
usa,1979,1856.07
usa,1980,1840.47
usa,1981,1828.64
usa,1982,1809.88
usa,1983,1819.48
usa,1984,1835.54
usa,1985,1840.8
usa,1986,1821.1
usa,1987,1828.61
usa,1988,1839.12
usa,1989,1852.08
usa,1990,1836.18
usa,1991,1827.74
usa,1992,1815.51
usa,1993,1831.55
usa,1994,1850.24
usa,1995,1860.37
usa,1996,1865.89
usa,1997,1872.51
usa,1998,1883.08
usa,1999,1886.01
usa,2000,1887.58
usa,2001,1866.69
usa,2002,1847.99
usa,2003,1832.54
usa,2004,1831.55
usa,2005,1829.11
usa,2006,1831.26
usa,2007,1828.84
usa,2008,1808.99
usa,2009,1764.89
usa,2010,1773.37
usa,2011,1782.51
usa,2012,1784.7
usa,2013,1791.31
usa,2014,1797.12
usa,2015,1808.72
usa,2016,1802.6
usa,2017,1795.58
usa,2018,1804.19
usa,2019,1796.65
usa,2020,1777.88
usa,2021,1788.7
usa,2022,1789.59
usa,2023,1788.88
uzb,2005,2026.04
uzb,2006,2043.51
uzb,2007,2063.07
uzb,2008,2059.15
uzb,2009,2056.7
uzb,2010,2060.12
uzb,2011,2075.95
uzb,2012,2080.42
uzb,2013,2080.63
uzb,2014,2084.19
uzb,2015,2087.77
uzb,2016,2118.57
uzb,2017,2126.48
uzb,2018,2118.38
uzb,2019,2115.69
uzb,2020,2081.28
uzb,2021,2098.44
uzb,2022,2094.72
uzb,2023,2098.62
ven,1950,2179.0
ven,1951,2162.98
ven,1952,2147.08
ven,1953,2131.29
ven,1954,2115.62
ven,1955,2100.07
ven,1956,2084.63
ven,1957,2069.31
ven,1958,2054.09
ven,1959,2038.99
ven,1960,2024.0
ven,1961,2016.58
ven,1962,2009.18
ven,1963,2001.82
ven,1964,1994.48
ven,1965,1987.16
ven,1966,1979.88
ven,1967,1972.62
ven,1968,1965.39
ven,1969,1958.18
ven,1970,1951.0
ven,1971,1955.66
ven,1972,1960.32
ven,1973,1965.0
ven,1974,1969.54
ven,1975,1974.09
ven,1976,1978.65
ven,1977,1983.22
ven,1978,1987.8
ven,1979,1992.4
ven,1980,1997.0
ven,1981,1985.98
ven,1982,1975.03
ven,1983,1964.13
ven,1984,1953.29
ven,1985,1942.52
ven,1986,1931.8
ven,1987,1921.14
ven,1988,1910.54
ven,1989,1900.0
ven,1990,1889.0
ven,1991,1878.47
ven,1992,1868.0
ven,1993,1888.88
ven,1994,1910.0
ven,1995,1915.23
ven,1996,1920.47
ven,1997,1925.73
ven,1998,1931.0
ven,1999,1886.9
ven,2000,1898.51
ven,2001,1869.47
ven,2002,1829.02
ven,2003,1801.21
ven,2004,1896.69
ven,2005,1922.85
ven,2006,1903.85
ven,2007,1877.74
ven,2008,1869.22
ven,2009,1862.41
ven,2010,1885.13
ven,2011,1862.19
ven,2012,1850.76
ven,2013,1840.05
ven,2014,1829.18
ven,2015,1815.32
ven,2016,1801.84
ven,2017,1792.37
ven,2018,1786.92
ven,2019,1781.85
ven,2020,1670.35
ven,2021,1748.93
ven,2022,1777.28
ven,2023,1776.7
vnm,1970,2388.5
vnm,1971,2390.07
vnm,1972,2393.58
vnm,1973,2397.56
vnm,1974,2399.15
vnm,1975,2404.13
vnm,1976,2402.96
vnm,1977,2404.86
vnm,1978,2401.78
vnm,1979,2401.74
vnm,1980,2403.85
vnm,1981,2404.01
vnm,1982,2404.54
vnm,1983,2406.73
vnm,1984,2407.37
vnm,1985,2405.49
vnm,1986,2406.89
vnm,1987,2407.11
vnm,1988,2407.23
vnm,1989,2406.47
vnm,1990,2401.69
vnm,1991,2399.37
vnm,1992,2394.43
vnm,1993,2388.19
vnm,1994,2388.64
vnm,1995,2383.64
vnm,1996,2383.64
vnm,1997,2391.67
vnm,1998,2437.92
vnm,1999,2437.66
vnm,2000,2470.04
vnm,2001,2318.95
vnm,2002,2302.13
vnm,2003,2326.87
vnm,2004,2277.24
vnm,2005,2261.24
vnm,2006,2281.61
vnm,2007,2287.6
vnm,2008,2251.02
vnm,2009,2215.4
vnm,2010,2219.63
vnm,2011,2220.85
vnm,2012,2172.13
vnm,2013,2128.75
vnm,2014,2098.21
vnm,2015,2107.15
vnm,2016,2132.65
vnm,2017,2066.46
vnm,2018,2143.7
vnm,2019,2067.56
vnm,2020,2091.9
vnm,2021,2036.99
vnm,2022,2139.73
vnm,2023,2160.49
yem,2005,2077.09
yem,2006,2081.51
yem,2007,2086.41
yem,2008,2092.44
yem,2009,2097.7
yem,2010,2104.36
yem,2011,2090.3
yem,2012,2087.27
yem,2013,2086.27
yem,2014,2081.33
yem,2015,1734.6
yem,2016,1626.66
yem,2017,1560.19
yem,2018,1545.29
yem,2019,1539.7
yem,2020,1449.77
yem,2021,1421.7
yem,2022,1415.57
yem,2023,1382.1
zaf,2001,2376.34
zaf,2002,2382.77
zaf,2003,2318.68
zaf,2004,2342.27
zaf,2005,2399.43
zaf,2006,2315.75
zaf,2007,2322.12
zaf,2008,2284.23
zaf,2009,2249.31
zaf,2010,2235.74
zaf,2011,2254.59
zaf,2012,2224.11
zaf,2013,2211.99
zaf,2014,2209.09
zaf,2016,2218.46
zaf,2017,2197.03
zaf,2018,2191.36
zaf,2019,2206.86
zaf,2020,2071.62
zaf,2021,2154.25
zaf,2022,2184.45
zaf,2023,2181.43
zmb,2005,1921.11
zmb,2006,1921.06
zmb,2007,1921.39
zmb,2008,1922.03
zmb,2009,1930.38
zmb,2010,1939.53
zmb,2011,1944.73
zmb,2012,1951.46
zmb,2013,1957.67
zmb,2014,1964.11
zmb,2015,1969.82
zmb,2016,1974.41
zmb,2017,1979.93
zmb,2018,1964.42
zmb,2019,2110.57
zmb,2020,2113.64
zmb,2021,2147.23
zmb,2022,2195.71
zmb,2023,2199.55
zwe,2005,1913.8
zwe,2006,1909.48
zwe,2007,1904.78
zwe,2008,1898.28
zwe,2009,1895.73
zwe,2010,1892.91
zwe,2011,1888.5
zwe,2012,1886.88
zwe,2013,1884.08
zwe,2014,1882.32
zwe,2015,1884.57
zwe,2016,1887.54
zwe,2017,1891.96
zwe,2018,1897.8
zwe,2019,1903.71
zwe,2020,1889.45
zwe,2021,2011.57
zwe,2022,2172.04
zwe,2023,2311.02
